image,dst_type,dst_idx,dst_lev,dmos_std,dmos,DSSIM,SSIMULACRA,Butteraugli
1600,AWGN,1,1,0.0612190731017426,0.06198940631407,0.00374064,0.04121361,2.578992
1600,AWGN,1,2,0.0971321981418872,0.20624450621129106,0.01338788,0.11214672,4.927714
1600,AWGN,1,3,0.0325909045630567,0.262122225978979,0.03820509,0.21200211,9.113177
1600,AWGN,1,4,0.106896094889754,0.3746322895961989,0.08991186,0.30976739,12.603234
1600,AWGN,1,5,0.1196543774021,0.467480295574237,0.16998161,0.39719199,16.456184
1600,JPEG,2,1,0.00359832912629426,0.0128730514556379,0.0012388,0.01130547,2.187153
1600,JPEG,2,2,0.063352119952441,0.0691476976770665,0.00665382,0.0340369,3.509669
1600,JPEG,2,3,0.0836092997640814,0.196827211716677,0.03036384,0.08878252,8.763564
1600,JPEG,2,4,0.082817360991949,0.5010634792871811,0.14312533,0.21320945,20.110664
1600,JPEG,2,5,0.0586628643325048,0.687126840509715,0.3451187,0.32073022,34.969219
1600,jpeg2000,3,1,0.00199118866439743,0.0119674975407025,0.00290371,0.01618662,2.95382
1600,jpeg2000,3,2,0.0592617778718178,0.135311311101256,0.01389872,0.048480300000000004,6.258058999999999
1600,jpeg2000,3,3,0.0696109813705117,0.3643609853066029,0.05248563,0.11641445,8.595163000000001
1600,jpeg2000,3,4,0.0919258697272447,0.575843448619273,0.18655578,0.24386526,28.208004
1600,jpeg2000,3,5,0.0,0.826915940190613,0.67525158,0.43512551,106.868729
1600,fnoise,4,1,0.0415580206237111,0.05237616147238599,0.00844047,0.02132801,4.245988
1600,fnoise,4,2,0.0576060933464618,0.253057872808644,0.02968395,0.0636593,8.719305
1600,fnoise,4,3,0.0214627599173081,0.375740865814505,0.08643348,0.14422201,16.083099
1600,fnoise,4,4,0.111111722269478,0.48988015846181,0.21118801,0.26215927,23.290851999999997
1600,fnoise,4,5,0.115776375800555,0.565219408431134,0.44324697,0.38585449,41.671993
1600,BLUR,5,1,0.0529045007309422,0.0426677131995919,0.00281198,0.00561453,1.4551370000000001
1600,BLUR,5,2,0.0817870357089661,0.142434686900012,0.01158424,0.02292292,2.7498259999999997
1600,BLUR,5,3,0.0823449646664687,0.34111428415897305,0.04010713,0.07388743,5.487328
1600,BLUR,5,4,0.115072536148307,0.471037699302558,0.14542083,0.20082413,16.274107
1600,BLUR,5,5,0.0536981387227261,0.749794523955729,0.53836713,0.39207153,124.157936
1600,contrast,6,1,0.0458590629654374,0.0561813273978641,0.00574292,0.03673765,5.397315
1600,contrast,6,2,0.0814242067047188,0.20096895638002896,0.03501558,0.07273603,13.216642000000002
1600,contrast,6,3,0.0960480603819471,0.310324647834514,0.16577979,0.15444172,29.627333
1600,contrast,6,4,0.115433057868455,0.370598871808904,0.23710923,0.19013857,37.227352
aerial_city,AWGN,1,1,0.0136596774372606,0.031592368858435,0.00463301,0.03909037,1.813435
aerial_city,AWGN,1,2,0.0815755778408609,0.12513507706670302,0.01619451,0.10709936,3.5053900000000002
aerial_city,AWGN,1,3,0.0642599923200663,0.244957300482738,0.04538915,0.20948619,5.448052
aerial_city,AWGN,1,4,0.0541112709522354,0.372946533696755,0.10602016,0.32135309,8.799097999999999
aerial_city,AWGN,1,5,0.0458282343664985,0.501262985133045,0.2088327,0.42933086,12.483935
aerial_city,JPEG,2,1,0.0142211853932522,0.0302819948023374,0.00297113,0.02870487,1.6874900000000002
aerial_city,JPEG,2,2,0.0428387459926707,0.0645451464014395,0.01437924,0.08781285,3.525035
aerial_city,JPEG,2,3,0.146040834444311,0.38889236177884295,0.06225909,0.1868241,8.921989
aerial_city,JPEG,2,4,0.0559105242303438,0.607259927699706,0.18108374,0.26548295,16.799164
aerial_city,JPEG,2,5,0.0387986805177265,0.8190818939744,0.43598415,0.34261679,43.888237
aerial_city,jpeg2000,3,1,0.0090576524799601,0.0270451931525208,0.00635728,0.04053357,2.669377
aerial_city,jpeg2000,3,2,0.0133998159644024,0.191014253095208,0.03034391,0.12399349999999999,6.302980000000001
aerial_city,jpeg2000,3,3,0.0785213172980865,0.485550527180349,0.09500246,0.2011059,15.345977
aerial_city,jpeg2000,3,4,0.121996955366843,0.7544132534590999,0.2518855,0.27428372,53.612190000000005
aerial_city,jpeg2000,3,5,0.0,0.955908136394764,0.75462121,0.41564120000000004,136.802017
aerial_city,fnoise,4,1,0.0410357390530957,0.125645713659564,0.01079041,0.02091536,4.370379
aerial_city,fnoise,4,2,0.0971472948100722,0.31873079734833804,0.03926355,0.06537707,7.4242550000000005
aerial_city,fnoise,4,3,0.0775881322579806,0.475220736192205,0.11275628,0.15625654,15.499431
aerial_city,fnoise,4,4,0.0520872542894196,0.6006280112891981,0.26352836,0.27887793,24.428951
aerial_city,fnoise,4,5,0.0720001574406689,0.707734203653038,0.55805048,0.41984479,35.696709000000006
aerial_city,BLUR,5,1,0.009745392419187659,0.0249838918612171,0.00327567,0.00878613,1.654716
aerial_city,BLUR,5,2,0.082236174176025,0.114348571203765,0.01164992,0.03052062,3.165849
aerial_city,BLUR,5,3,0.0866205784714729,0.259420812794303,0.04103995,0.09949045,5.679317
aerial_city,BLUR,5,4,0.0804592592247703,0.463944830038668,0.14273403,0.20565104,16.524481
aerial_city,BLUR,5,5,0.0743813468043418,0.895962857527705,0.7036089,0.38351764,133.377548
aerial_city,contrast,6,1,0.0400696104986912,0.0378070311306819,0.01048491,0.01960774,5.629755
aerial_city,contrast,6,2,0.0582841328332744,0.16308937099203602,0.06725054,0.07161185,13.731873
aerial_city,contrast,6,3,0.0491993581806271,0.3665669611199221,0.32413988,0.20679488,30.754389
aerial_city,contrast,6,4,0.0572555789207353,0.4525869290530471,0.46914761,0.26586364,38.938423
boston,AWGN,1,1,0.0420287855493949,0.0291592692530227,0.00357655,0.03453297,2.076391
boston,AWGN,1,2,0.0215701168385565,0.0813684818258959,0.01275228,0.09547642,3.7075400000000003
boston,AWGN,1,3,0.0464281435953059,0.215496298627898,0.03758418,0.19382127,5.647365
boston,AWGN,1,4,0.11409671397388,0.383116126747224,0.08693077,0.29637143,9.154884
boston,AWGN,1,5,0.0760523134741936,0.471590838075796,0.1691783,0.39413743,12.92774
boston,JPEG,2,1,0.0,0.0,0.00244953,0.02473754,1.7133919999999998
boston,JPEG,2,2,0.0381121092520099,0.0498835173529152,0.01118041,0.05855466,3.215595
boston,JPEG,2,3,0.0674426796043998,0.328491509700123,0.057733400000000004,0.14454035,6.431407
boston,JPEG,2,4,0.0901548932697061,0.736937039128374,0.34198923,0.32371999,31.328314000000002
boston,JPEG,2,5,0.0664958690008646,0.8324809865230991,0.52577801,0.3761427,42.322495
boston,jpeg2000,3,1,0.0004886778783870719,0.000294395042436253,0.00449563,0.02989664,2.326667
boston,jpeg2000,3,2,0.095397200942493,0.1181350968545,0.02384557,0.08379392,4.480939
boston,jpeg2000,3,3,0.122025020224388,0.3893350812075979,0.08762084,0.17409998,17.13571
boston,jpeg2000,3,4,0.0959169110321258,0.6965625312273089,0.30012992,0.30879242,39.207775
boston,jpeg2000,3,5,0.0033828099206566,0.904305422978862,0.94875885,0.45377495,134.582794
boston,fnoise,4,1,0.0488900294160526,0.0676535887151561,0.00856945,0.017596200000000003,4.537033
boston,fnoise,4,2,0.129803731915935,0.243426817794292,0.033011900000000004,0.05829425,7.710394
boston,fnoise,4,3,0.0986990189605454,0.498128999068226,0.09293548,0.13766544,13.582354999999998
boston,fnoise,4,4,0.103936656056362,0.6199626990385531,0.22578103,0.25479212,22.233192000000003
boston,fnoise,4,5,0.103858319742826,0.7240842268002149,0.40856322,0.34959067,31.155237
boston,BLUR,5,1,0.0600780607334628,0.0834562949685563,0.00345973,0.00838793,1.433675
boston,BLUR,5,2,0.108236629688157,0.215748970761468,0.01413418,0.033083600000000005,2.992438
boston,BLUR,5,3,0.15553713782500306,0.36312032387843,0.05209444,0.09985847,6.58188
boston,BLUR,5,4,0.0752730276134605,0.571217256028999,0.20516941,0.23144071,25.804222
boston,BLUR,5,5,0.0229159481696207,0.913012520343366,0.91978586,0.43975985,148.39816299999998
boston,contrast,6,1,0.0443997235911567,0.116568400627501,0.01313953,0.01788933,8.62674
boston,contrast,6,2,0.0962585783369183,0.339159270140588,0.08784157,0.07169062,21.118643
boston,contrast,6,3,0.0314617249932363,0.605351710200846,0.48845861,0.27422807,49.789257
boston,contrast,6,4,0.131435907369193,0.689729464762712,0.78101735,0.38531704,72.891739
bridge,AWGN,1,1,0.006796541807565211,0.0277820429649864,0.00403767,0.03709626,2.471736
bridge,AWGN,1,2,0.0724702708828939,0.08785664541352199,0.01427648,0.10058507,4.23217
bridge,AWGN,1,3,0.12708815833065198,0.25178837180750696,0.04102244,0.19685194,7.169356
bridge,AWGN,1,4,0.119261531841214,0.408695188321812,0.09241491,0.29162467,9.9748
bridge,AWGN,1,5,0.0772976623865088,0.517008840148937,0.18737558,0.39263881,15.321204000000002
bridge,JPEG,2,1,0.0459408093800418,0.0371934684301201,0.0018233000000000001,0.01786904,1.581869
bridge,JPEG,2,2,0.0738330470298446,0.0758366784340456,0.0108134,0.04684324,3.5469699999999995
bridge,JPEG,2,3,0.0682229163102482,0.272774342321385,0.05036277,0.11151813,9.306627
bridge,JPEG,2,4,0.0665432138623141,0.7431163477930859,0.29206965,0.26063946,30.520905
bridge,JPEG,2,5,0.0428968226194365,0.8161642441908671,0.40968834,0.33671433,48.265278
bridge,jpeg2000,3,1,0.044175645187139005,0.0381181282838827,0.00559399,0.02731248,3.045009
bridge,jpeg2000,3,2,0.0662210916805626,0.20293495854493,0.02534168,0.06806877,11.057179
bridge,jpeg2000,3,3,0.0972450224841772,0.40937998386247904,0.07739598,0.12552472,18.310249
bridge,jpeg2000,3,4,0.0885613359860072,0.650819626444425,0.25385537,0.23663866,42.138107
bridge,jpeg2000,3,5,0.0340638302612865,0.824681556929448,0.68334953,0.37728765,120.584488
bridge,fnoise,4,1,0.0369649462027305,0.0508210865559853,0.00765753,0.01705914,3.8269330000000004
bridge,fnoise,4,2,0.391236800003524,0.292756804348552,0.02967902,0.05637749,8.7638
bridge,fnoise,4,3,0.17611016710247895,0.42886785180742704,0.08270326,0.13226214,12.606208
bridge,fnoise,4,4,0.0839875942811189,0.5953103434536171,0.23158217,0.2594251,20.577574
bridge,fnoise,4,5,0.0569860536638171,0.6965404539682659,0.47484612,0.37475145,42.887806
bridge,BLUR,5,1,0.0595137889268383,0.060651002059486,0.00292156,0.00552393,2.0243450000000003
bridge,BLUR,5,2,0.0482602538556158,0.18243707283849694,0.01189752,0.02166428,3.751364
bridge,BLUR,5,3,0.0695164955777268,0.348139868389914,0.04469126,0.06998093,6.813257000000001
bridge,BLUR,5,4,0.0713255865331785,0.635791026092168,0.16327811,0.1759341,24.411587
bridge,BLUR,5,5,0.0266019088071405,0.77717834451828,0.56248364,0.32258974,132.08316000000002
bridge,contrast,6,1,0.0105026714193012,0.0364070783980555,0.00484973,0.04938722,5.236872
bridge,contrast,6,2,0.0465648782016764,0.139471451709329,0.02708066,0.10819110000000001,12.038167999999999
bridge,contrast,6,3,0.0645592039800945,0.34489177345472904,0.11346942,0.1821412,23.606870999999998
bridge,contrast,6,4,0.0374093448917458,0.457521932555123,0.18828675,0.22342328,29.480079999999997
butter_flower,AWGN,1,1,0.00724701449091933,0.0265740735109992,0.0041806000000000005,0.04395779,3.207794
butter_flower,AWGN,1,2,0.0729868059246941,0.0891654398483989,0.01377329,0.12296626,5.6201300000000005
butter_flower,AWGN,1,3,0.16340714291643502,0.252298657154262,0.04183632,0.26970165,10.593131
butter_flower,AWGN,1,4,0.21956867037494104,0.434892178865128,0.11015628,0.41887609,18.069672
butter_flower,AWGN,1,5,0.150368683470837,0.545271035393267,0.248299,0.53257388,31.823065000000003
butter_flower,JPEG,2,1,0.00639295691874666,0.0232589516087444,0.00058334,0.00687928,0.8028529999999999
butter_flower,JPEG,2,2,0.0136634527462784,0.0308912184202642,0.00795731,0.044182099999999995,3.763639
butter_flower,JPEG,2,3,0.115732070099184,0.409916347904866,0.05355045,0.10875230000000001,10.827831
butter_flower,JPEG,2,4,0.13432831795322805,0.699412650644778,0.15770735,0.26184959,23.811283
butter_flower,JPEG,2,5,0.0706310175784943,0.808089235003621,0.32071242,0.27914941,37.317627
butter_flower,jpeg2000,3,1,0.0100788003337429,0.0275672149671984,0.00585116,0.0327509,4.166492
butter_flower,jpeg2000,3,2,0.0800408127971558,0.143160541006074,0.02122876,0.05982758,8.811254
butter_flower,jpeg2000,3,3,0.139175395409913,0.459942069908516,0.07699538,0.13514606,22.76042
butter_flower,jpeg2000,3,4,0.105308170532935,0.779220748760824,0.28367604,0.28138498,67.288528
butter_flower,jpeg2000,3,5,0.00476706376046725,0.925690448555226,0.73765431,0.43105495,120.41774699999999
butter_flower,fnoise,4,1,0.00976575803694763,0.027877091254073,0.00754048,0.04266788,7.305001
butter_flower,fnoise,4,2,0.107093231808029,0.19511966821076104,0.02825484,0.12105489,13.901539999999999
butter_flower,fnoise,4,3,0.146012934968937,0.381516077794223,0.08244459,0.20359025,18.902485000000002
butter_flower,fnoise,4,4,0.0340472785375603,0.5490401047265631,0.24401199999999998,0.36103987,55.523548
butter_flower,fnoise,4,5,0.0613765591035698,0.726603146511458,0.52459093,0.48303802,51.376431
butter_flower,BLUR,5,1,0.0652658894331604,0.0780722416914223,0.00353035,0.00892875,2.717537
butter_flower,BLUR,5,2,0.109908741872842,0.201968243192335,0.01358754,0.03321258,5.496995
butter_flower,BLUR,5,3,0.14225150145092302,0.48198049538288,0.06323836,0.11367374,17.989712
butter_flower,BLUR,5,4,0.0905950737994709,0.778539999293243,0.2620898,0.25653822,102.047859
butter_flower,BLUR,5,5,0.0121116104553132,0.952775053538163,0.80635343,0.42247531,126.94384
butter_flower,contrast,6,1,0.0734539635817059,0.0698313318705424,0.01099348,0.13762137,10.271206
butter_flower,contrast,6,2,0.0426626141231742,0.256400481779453,0.07679369,0.24555653,26.453981
butter_flower,contrast,6,3,0.117821526107231,0.5147021852401029,0.48266223,0.44495993,58.01382099999999
butter_flower,contrast,6,4,0.157329308583089,0.6148866679764511,0.81335501,0.54342188,77.512367
cactus,AWGN,1,1,0.0550881714456534,0.104328753206896,0.00382264,0.05713574,2.65614
cactus,AWGN,1,2,0.114413458151828,0.205707763944154,0.01296206,0.15058348,4.91058
cactus,AWGN,1,3,0.12553830833135302,0.34943846131273604,0.0379423,0.28771828,8.246454
cactus,AWGN,1,4,0.132855316931781,0.439167163818189,0.08236052,0.40112955,12.257697
cactus,AWGN,1,5,0.13350654333897,0.498391459794796,0.1633162,0.49953859999999994,18.518003
cactus,JPEG,2,1,0.0418613303772984,0.0409686571292669,0.00141545,0.02115117,1.463055
cactus,JPEG,2,2,0.0806541303602925,0.16046393751382698,0.00934481,0.04535128,3.3805949999999996
cactus,JPEG,2,3,0.13525949908088,0.3784208921549939,0.0274155,0.07756806,7.102314
cactus,JPEG,2,4,0.0803833738083714,0.7041424572935658,0.09952639,0.15950182,16.229032999999998
cactus,JPEG,2,5,0.00953114670184515,0.8117226067190879,0.28295078,0.25283902,34.362144
cactus,jpeg2000,3,1,0.0873129837039932,0.0785570297613172,0.00390673,0.0319658,3.6350269999999996
cactus,jpeg2000,3,2,0.120129244666003,0.209038855417228,0.01268346,0.04904414,6.08295
cactus,jpeg2000,3,3,0.137779888488681,0.405462893528488,0.03835118,0.08881194,10.676542999999999
cactus,jpeg2000,3,4,0.0877201777190206,0.638977192799069,0.12422267,0.156053,21.466766
cactus,jpeg2000,3,5,0.0,0.7852500362794441,0.42244843,0.29524763,76.07073199999999
cactus,fnoise,4,1,0.140619703511894,0.222083319335679,0.00882657,0.02676237,5.045148999999999
cactus,fnoise,4,2,0.053050647008789004,0.32532199537029305,0.03092717,0.08446197,9.576766000000001
cactus,fnoise,4,3,0.17338732149922306,0.503034866475788,0.08445965,0.19470452,16.466619
cactus,fnoise,4,4,0.115013512639469,0.5947508475622321,0.19838197,0.34035407,24.801614999999998
cactus,fnoise,4,5,0.028581278984318,0.666607788954977,0.41569319,0.49438992,39.742775
cactus,BLUR,5,1,0.0803289978603434,0.0667434131844619,0.00198326,0.00409752,1.147625
cactus,BLUR,5,2,0.0909658470787308,0.147198859405541,0.00837482,0.01606403,2.608157
cactus,BLUR,5,3,0.219377702042598,0.399275467437894,0.02825319,0.04841652,5.2964910000000005
cactus,BLUR,5,4,0.146865564585076,0.50840987358733,0.10078542,0.12813865,16.021925
cactus,BLUR,5,5,0.0443017462521279,0.7499961260596271,0.38285789,0.27887940000000006,83.451355
cactus,contrast,6,1,0.118656600143618,0.111254917995562,0.00968465,0.01735385,6.604800999999999
cactus,contrast,6,2,0.23877237357875,0.28515695769630106,0.06318972,0.05582092,16.236879000000002
cactus,contrast,6,3,0.197892833792013,0.407726454075672,0.32169009,0.18280393,36.304913
cactus,contrast,6,4,0.19871277959639494,0.5167338227300811,0.49531812,0.25193758,46.300591
child_swimming,AWGN,1,1,0.0,0.0284566733229592,0.00299342,0.02077531,1.6709009999999997
child_swimming,AWGN,1,2,0.0647698608157401,0.120206940514764,0.0106242,0.05969157,2.6558919999999997
child_swimming,AWGN,1,3,0.0927952856005304,0.271600187831321,0.03124814,0.13296936,4.554103
child_swimming,AWGN,1,4,0.120537769001888,0.412687363061226,0.07067141,0.21894474,7.015196
child_swimming,AWGN,1,5,0.110791004967431,0.4885606269012371,0.14068902,0.31414917,10.287056
child_swimming,JPEG,2,1,0.00102885270590812,0.0288596651128422,0.00044021,0.01205643,1.840241
child_swimming,JPEG,2,2,0.00299856846706559,0.0298684253942733,0.00504067,0.03940949,2.352986
child_swimming,JPEG,2,3,0.149270620964057,0.23553049595609804,0.02419294,0.08992391,4.252537
child_swimming,JPEG,2,4,0.0779467027367552,0.5144537397471539,0.12095145,0.20496969,10.379127
child_swimming,JPEG,2,5,0.0529741361511865,0.695729796611581,0.28510634,0.30305195,23.994106
child_swimming,jpeg2000,3,1,0.0005266917779192968,0.0286594500246243,0.00272362,0.01575265,1.827477
child_swimming,jpeg2000,3,2,0.0650616210594276,0.042940192224216,0.01323057,0.05364397,4.218812000000001
child_swimming,jpeg2000,3,3,0.0661886599097052,0.322600395167065,0.05721366,0.13430079999999997,10.303346000000001
child_swimming,jpeg2000,3,4,0.0594123868464904,0.546621921575973,0.17777874,0.23914613,25.738966
child_swimming,jpeg2000,3,5,0.0005266917779192652,0.7658753367351658,0.68125522,0.44544576,65.689651
child_swimming,fnoise,4,1,0.00827581394068995,0.0317252715018292,0.00707764,0.01175831,4.296035
child_swimming,fnoise,4,2,0.136059925828044,0.22611612421691896,0.02541733,0.03553594,8.555096
child_swimming,fnoise,4,3,0.153984473870943,0.375526426347666,0.07273231,0.08367384,13.307182000000001
child_swimming,fnoise,4,4,0.0685888635641257,0.5704492972552629,0.18313135,0.1703458,20.690296
child_swimming,fnoise,4,5,0.0760984570322844,0.6991148569270469,0.35500958,0.26792991,34.645184
child_swimming,BLUR,5,1,0.00827581394068995,0.0317252715018292,0.00241523,0.00511247,1.2572729999999999
child_swimming,BLUR,5,2,0.113960893579788,0.187155648168429,0.00911096,0.018938999999999998,2.1793549999999997
child_swimming,BLUR,5,3,0.143228471170326,0.290015982427698,0.03265197,0.06450854,3.9844
child_swimming,BLUR,5,4,0.12788153514770598,0.484981242549448,0.11315521,0.17753153,10.695022999999999
child_swimming,BLUR,5,5,0.0077836164689390405,0.758275259483234,0.64108215,0.42746952,98.26769300000001
child_swimming,contrast,6,1,0.113611120607468,0.14330813408892998,0.01228508,0.02383929,9.276326
child_swimming,contrast,6,2,0.0904346325028206,0.289023048517029,0.08433868,0.07514137,22.514069
child_swimming,contrast,6,3,0.0496056942630642,0.553582613344769,0.45454143,0.26977663,45.486919
child_swimming,contrast,6,4,0.149555183847477,0.565117894189569,0.74837253,0.39098365,61.494915
couple,AWGN,1,1,0.0041517271309421,0.005538606641200029,0.00250435,0.02180365,1.878266
couple,AWGN,1,2,0.0576596433986224,0.10902933591604902,0.00899979,0.06156816,2.9964419999999996
couple,AWGN,1,3,0.0599930559579231,0.20435641205905106,0.02503988,0.12736221,4.720818
couple,AWGN,1,4,0.0412936156753563,0.325231335775214,0.05887956,0.21512012,7.147252000000001
couple,AWGN,1,5,0.0491625283342774,0.46960751314474,0.11432472,0.2993138,10.065995
couple,JPEG,2,1,0.0,0.0021535744157853893,0.00054834,0.00911523,1.014966
couple,JPEG,2,2,0.0358653804286651,0.0339511551540109,0.00495469,0.03123218,2.195869
couple,JPEG,2,3,0.0484766660702289,0.258088253903842,0.03006847,0.08119183,5.336842
couple,JPEG,2,4,0.0453775917679824,0.586039962910928,0.15665889,0.19307754,15.564122
couple,JPEG,2,5,0.0530524686981681,0.723660258325963,0.25980936,0.246648,25.269663
couple,jpeg2000,3,1,0.0,0.00214070223928198,0.00260666,0.01601665,1.8682490000000003
couple,jpeg2000,3,2,0.0614322378663506,0.0725197717183537,0.01383489,0.04863842,4.3884739999999995
couple,jpeg2000,3,3,0.0816265314002535,0.385885094412195,0.04937161,0.09969982,9.722760000000001
couple,jpeg2000,3,4,0.0483426063232918,0.630620084618958,0.15648084,0.18791465,21.859276
couple,jpeg2000,3,5,0.00332316171617172,0.8048543740374671,0.47489111,0.33687514,87.686111
couple,fnoise,4,1,0.0196385060355924,0.0115359070349252,0.00420641,0.01024121,3.849138
couple,fnoise,4,2,0.0406848781638404,0.0888243173072248,0.01499032,0.02880507,6.299414
couple,fnoise,4,3,0.0591931292925991,0.264691120155538,0.04951595,0.08101110000000002,11.843598
couple,fnoise,4,4,0.0804860503767635,0.467048837936729,0.10892319,0.14533161,16.387983
couple,fnoise,4,5,0.121879652605719,0.63879853653337,0.2431657,0.24875467,29.898645000000002
couple,BLUR,5,1,0.0560674161182062,0.0470460676579297,0.00278314,0.00770293,1.585744
couple,BLUR,5,2,0.0791824301272475,0.249072246670207,0.01123598,0.02815736,3.503994
couple,BLUR,5,3,0.072954867551433,0.40809981831480896,0.04256399,0.08067463,8.990763000000001
couple,BLUR,5,4,0.0107510571633923,0.588776683388129,0.14562348,0.17974089,27.334640999999998
couple,BLUR,5,5,0.0179805021133993,0.785377923684548,0.44335216,0.3071879,89.348816
couple,contrast,6,1,0.0447534936953042,0.0972682493240859,0.006492,0.02682131,6.4614769999999995
couple,contrast,6,2,0.0256498351330783,0.209819363713172,0.03883426,0.06394143,14.987666
couple,contrast,6,3,0.0797577565877452,0.352457767221634,0.17571577,0.14238811,28.834051000000002
couple,contrast,6,4,0.10827961626255303,0.416757400442324,0.25875076,0.17925813,34.208015
elk,AWGN,1,1,0.0406496010853664,0.0333195847909936,0.00291975,0.02824137,1.9698950000000002
elk,AWGN,1,2,0.0186441968870217,0.0652357514429616,0.00974379,0.07706616,3.204338
elk,AWGN,1,3,0.10001389142902302,0.171902653306978,0.02829711,0.16053357,5.564825
elk,AWGN,1,4,0.129785936528895,0.236538863271677,0.06776025,0.2529098,9.013225
elk,AWGN,1,5,0.108440783955036,0.357940788495948,0.13486719,0.35118772,10.877528
elk,JPEG,2,1,0.0423363147004218,0.0323705390206845,0.00032484,0.01014465,0.609066
elk,JPEG,2,2,0.0839120400505457,0.0681998368929726,0.00730235,0.05180959,2.785603
elk,JPEG,2,3,0.0572403381134268,0.21995926218453,0.03934011,0.10833185,6.526383
elk,JPEG,2,4,0.115721493929856,0.5496716837732171,0.17318175,0.22102583,17.670839
elk,JPEG,2,5,0.0393570737566765,0.7102203909627421,0.31261801,0.27648734,27.587669
elk,jpeg2000,3,1,0.0433677327132788,0.0269425924278488,0.00293956,0.02383182,2.013471
elk,jpeg2000,3,2,0.0226649474415027,0.0743799975314861,0.01463397,0.06514500000000001,5.481308
elk,jpeg2000,3,3,0.0359728834623444,0.245089322996137,0.06184318,0.11789747,11.169464999999999
elk,jpeg2000,3,4,0.0999829694564668,0.545794091063858,0.25044343,0.23532113,36.756413
elk,jpeg2000,3,5,0.0,0.810572578968792,0.85903758,0.41718457,93.320122
elk,fnoise,4,1,0.0382454905939904,0.0464706253702596,0.0050391,0.01318138,4.28969
elk,fnoise,4,2,0.140344044929625,0.24667830303663896,0.01959167,0.04296017,7.817052
elk,fnoise,4,3,0.0204401100399205,0.370893524367276,0.06032027,0.11093835,14.573364000000002
elk,fnoise,4,4,0.0879559605438011,0.483851908908206,0.14426968,0.19818629,17.856035000000002
elk,fnoise,4,5,0.0786232692290458,0.64494775605763,0.28746606,0.30326178,31.873075
elk,BLUR,5,1,0.0435607502052002,0.0442547524477094,0.00279512,0.00754829,1.4840799999999998
elk,BLUR,5,2,0.0723912067740067,0.121626188415041,0.01135356,0.02637178,3.4239290000000002
elk,BLUR,5,3,0.0779641562249012,0.247087236647142,0.04406008,0.07650316,7.109665
elk,BLUR,5,4,0.0773599395136079,0.404820796364656,0.1748617,0.19296809,24.964558
elk,BLUR,5,5,0.0413862632265516,0.7628719627380469,0.71926563,0.38044308,111.316872
elk,contrast,6,1,0.0399017786997998,0.0755422522878731,0.011014,0.03183558,6.661637
elk,contrast,6,2,0.0730865926480744,0.20036881507944604,0.06965976,0.07659738,15.344144
elk,contrast,6,3,0.12683699189741302,0.3991100981882361,0.39037674,0.22126691,35.737877000000005
family,AWGN,1,1,0.0584977869593914,0.0877919029883652,0.00476805,0.04842252,3.049927
family,AWGN,1,2,0.0850536387212723,0.149678742425634,0.01671706,0.13921133,5.210447
family,AWGN,1,3,0.0659760782524627,0.274742248745739,0.05109702,0.29316279999999995,10.754659
family,AWGN,1,4,0.0733202056297886,0.375345553920855,0.12190307,0.44289595,16.378298
family,AWGN,1,5,0.0865787375225693,0.479589314225412,0.26958823,0.5693752,27.180721000000002
family,JPEG,2,1,0.0227711088159517,0.0220047876728675,0.00084415,0.01161408,1.9993
family,JPEG,2,2,0.0589371502066915,0.134202291817488,0.01128684,0.07968431,3.841015
family,JPEG,2,3,0.101756767331915,0.6467256771618239,0.09918939999999998,0.20226536,15.849372
family,JPEG,2,4,0.0449351614545185,0.7617707935502429,0.18952312,0.29244443,25.499743
family,JPEG,2,5,0.0594029416994303,0.8462638682915141,0.27990185,0.26455998,38.647671
family,jpeg2000,3,1,0.0472505010379338,0.044337131508498,0.00542428,0.05052662,4.983847
family,jpeg2000,3,2,0.0640502305258536,0.23753765593211104,0.02245478,0.12648346,9.185213000000001
family,jpeg2000,3,3,0.0191755187863785,0.5587130115375861,0.06600233,0.18529082,28.322392999999998
family,jpeg2000,3,4,0.0752349624751513,0.7619545625997041,0.17999895,0.26645996,78.791107
family,jpeg2000,3,5,0.0,0.97712250558615,0.41830987,0.37792427,152.087097
family,fnoise,4,1,0.0608417472844397,0.169832890957368,0.01079694,0.03657474,4.398244999999999
family,fnoise,4,2,0.0180089191904653,0.271891858314993,0.03677175,0.09576859,10.607388
family,fnoise,4,3,0.111749343754879,0.447986693842836,0.11945681,0.21813218,34.239315000000005
family,fnoise,4,4,0.13899197289238502,0.568643148741116,0.31203417,0.39064565,33.382286
family,fnoise,4,5,0.144628757385716,0.680635626425073,0.73665049,0.57319991,78.951759
family,BLUR,5,1,0.017015357017522,0.0369668731996882,0.00320149,0.01719176,3.053636
family,BLUR,5,2,0.0776556041999976,0.149343389617386,0.01296358,0.06547261,6.293871
family,BLUR,5,3,0.0630655312567963,0.262240257890446,0.04641711,0.1325303,18.085210999999997
family,BLUR,5,4,0.157989713333583,0.5383654566708079,0.1523484,0.23288075,109.103973
family,BLUR,5,5,0.102503834021364,0.8562562552214101,0.34908735,0.33785743,160.710464
family,contrast,6,1,0.0147136468810166,0.0268577355332394,0.0034426,0.17194782,8.660803999999999
family,contrast,6,2,0.0683693113229309,0.144775755100393,0.021199799999999998,0.27346093,20.197468
family,contrast,6,3,0.0513509258568338,0.279522696481041,0.11599714,0.37226653,38.13208
family,contrast,6,4,0.103975067859285,0.3785073937305229,0.20836974,0.42725593,48.340034
fisher,AWGN,1,1,0.0404024553330558,0.0523535406880391,0.00491037,0.0429296,2.135135
fisher,AWGN,1,2,0.0905675128189168,0.130218725308001,0.01730298,0.12094769999999999,4.032894000000001
fisher,AWGN,1,3,0.104887103372624,0.216469517836434,0.04889305,0.24397122,6.335205
fisher,AWGN,1,4,0.137327728746079,0.312142649948175,0.11363215,0.36931818,10.250589999999999
fisher,AWGN,1,5,0.209321487519262,0.440315296932344,0.22954909,0.48696039,15.460315
fisher,JPEG,2,1,0.0124869743871077,0.008108853922375559,0.00319428,0.03594156,2.686645
fisher,JPEG,2,2,0.0455312304512863,0.180488592633935,0.02649207,0.09437185,9.753397
fisher,JPEG,2,3,0.18755462521059,0.517847849276332,0.11431441,0.19723864,15.493081
fisher,JPEG,2,4,0.126533063379217,0.724554720382649,0.44652108,0.35204885,40.731998
fisher,JPEG,2,5,0.12358602361667,0.7906815447755731,0.46374899,0.36235002,41.564701
fisher,jpeg2000,3,1,0.0132669878133724,0.0081251237218217,0.00700851,0.05044106,3.071374
fisher,jpeg2000,3,2,0.0129094334051141,0.176318717207852,0.03855079,0.1005868,8.243464
fisher,jpeg2000,3,3,0.0640718468951147,0.517953503002079,0.13929644,0.20832474,35.696201
fisher,jpeg2000,3,4,0.0666331949286666,0.8084287570154409,0.3297265,0.3111472,85.545715
fisher,jpeg2000,3,5,0.0,0.972080040982288,0.5833334,0.38602967,120.891182
fisher,fnoise,4,1,0.0235206527110862,0.0660595284680719,0.01099739,0.02300043,4.3819930000000005
fisher,fnoise,4,2,0.174944135584418,0.270288031489073,0.04127901,0.07062924,8.585367999999999
fisher,fnoise,4,3,0.18168263992920305,0.402802224398784,0.11704858,0.17503601,15.350413
fisher,fnoise,4,4,0.20478305483373704,0.4873715042317829,0.30217954,0.32518529,24.920658
fisher,fnoise,4,5,0.19073960259780606,0.606522627458795,0.62272924,0.48073977,31.166149
fisher,BLUR,5,1,0.0512579374249627,0.0557594276824209,0.00489689,0.02515534,3.089789
fisher,BLUR,5,2,0.16343881575940195,0.361151074091483,0.02318244,0.08846764,7.459227
fisher,BLUR,5,3,0.17229073718217305,0.583246997401268,0.10346547,0.18620722,37.98542
fisher,BLUR,5,4,0.0873774337642547,0.800441857479803,0.29597401,0.29160242,106.68016100000001
fisher,BLUR,5,5,0.0603510542358663,0.912743068999973,0.52831252,0.38027917,126.10874199999999
fisher,contrast,6,1,0.0533247930068049,0.0904367961732884,0.00905368,0.05889597,10.200455
fisher,contrast,6,2,0.129576197101469,0.212384792163062,0.05293112,0.10697002,23.70956
fisher,contrast,6,3,0.182219212435745,0.34155551194714,0.23386031,0.21916761,49.626049
fisher,contrast,6,4,0.210350470799892,0.389413282247396,0.33305195,0.2725117,61.338127
foxy,AWGN,1,1,0.0205010399445816,0.0135290243153166,0.00193486,0.01963291,1.603575
foxy,AWGN,1,2,0.0567253888138675,0.0636169273447301,0.00738172,0.05812899999999999,2.928575
foxy,AWGN,1,3,0.103732109230035,0.13646912702195502,0.02092683,0.1188307,5.171261
foxy,AWGN,1,4,0.13997576539063195,0.250446077455242,0.04954396,0.19532278,8.176039
foxy,AWGN,1,5,0.13820957058954902,0.38116290911022105,0.10125348,0.27846372,11.699465
foxy,JPEG,2,1,0.000988082823629052,0.0160438392210166,0.00038368,0.01128489,1.321421
foxy,JPEG,2,2,0.0848979217909585,0.0749385341159804,0.00181086,0.024487900000000003,1.561182
foxy,JPEG,2,3,0.154021328152935,0.154161705777543,0.01019565,0.05253979,3.238346
foxy,JPEG,2,4,0.153719101389102,0.322036595181145,0.04020638,0.10051817,7.599594000000001
foxy,JPEG,2,5,0.051370115559356,0.551065343403553,0.14984182,0.20133736,14.956209
foxy,jpeg2000,3,1,0.0,0.0154107631767076,0.0017898,0.01376394,1.601107
foxy,jpeg2000,3,2,0.0527180988710354,0.0562978052179906,0.00714478,0.03810617,3.393497
foxy,jpeg2000,3,3,0.040230557681117,0.17876166899906198,0.02823122,0.07664335,10.492769000000001
foxy,jpeg2000,3,4,0.0925405771751056,0.37920259270407,0.07675711,0.12954317,19.036703
foxy,jpeg2000,3,5,0.0,0.6090299196336441,0.21471841,0.21904529,25.912155
foxy,fnoise,4,1,0.0330136466863952,0.0227379851309874,0.0036468000000000004,0.01128551,4.262734
foxy,fnoise,4,2,0.0806577123691649,0.0921669141839764,0.01313917,0.03330324,7.170278999999999
foxy,fnoise,4,3,0.125109659511748,0.33270922070666903,0.04256576,0.08651333,14.984829999999999
foxy,fnoise,4,4,0.14730837277468398,0.4009782521445249,0.09989228,0.15508249,20.481213
foxy,fnoise,4,5,0.008348128767797341,0.5758554035881539,0.21082718,0.2553739,36.504177
foxy,BLUR,5,1,0.00103955298999675,0.0158619581637846,0.00114961,0.00229009,1.414593
foxy,BLUR,5,2,0.103798612393412,0.109800030178751,0.00412341,0.00780606,2.589481
foxy,BLUR,5,3,0.124429201420806,0.17980097941009598,0.01417116,0.02658462,4.433445
foxy,BLUR,5,4,0.146678718373436,0.290320136434221,0.04220642,0.07400657,6.953875
foxy,BLUR,5,5,0.113319712920179,0.4418403167510129,0.13424609,0.1775115,13.203269
foxy,contrast,6,1,0.0336616537554278,0.0467667996207463,0.0073241,0.03840359,5.421729
foxy,contrast,6,2,0.051528577675179,0.183250495086475,0.04407052,0.08787588,12.397456
foxy,contrast,6,3,0.11512498836864997,0.35607679838777506,0.20718828,0.18265219,26.479855
foxy,contrast,6,4,0.156034076406512,0.4699252792250971,0.91891582,0.40636784,57.41478000000001
geckos,AWGN,1,1,0.0153542753740437,0.028506453031450007,0.0018699,0.01504264,1.373981
geckos,AWGN,1,2,0.0410363489287314,0.0602723033841468,0.00669627,0.04263609,2.5389630000000003
geckos,AWGN,1,3,0.05715603543883401,0.11669462705680303,0.01915303,0.09033852,4.324952
geckos,AWGN,1,4,0.0527051962285021,0.201859217899382,0.04620265,0.15701553,7.2091080000000005
geckos,AWGN,1,5,0.12001356794447303,0.336185973541656,0.10011568,0.24428702,10.855022
geckos,JPEG,2,1,0.0,0.0219952381184452,0.0008353,0.01271453,1.1561270000000001
geckos,JPEG,2,2,0.08506012684844097,0.0467410495918013,0.00424035,0.0284781,1.9359990000000002
geckos,JPEG,2,3,0.16331619708679598,0.13477463124570402,0.02208093,0.06451259,3.814746
geckos,JPEG,2,4,0.0704944825781395,0.462546028309157,0.10511034,0.15178139,11.396256
geckos,JPEG,2,5,0.0,0.7343663274248299,0.5128062,0.34518752,39.491623
geckos,jpeg2000,3,1,0.000548868201176806,0.0223502321980904,0.00194683,0.012893,1.955956
geckos,jpeg2000,3,2,0.0728202063639945,0.0441892113946549,0.00948935,0.03672956,3.338056
geckos,jpeg2000,3,3,0.0895299254663187,0.17047949460681602,0.03960224,0.07894277,6.830996000000001
geckos,jpeg2000,3,4,0.0649234542942297,0.3773908149684561,0.13200996,0.15107044,14.946845999999999
geckos,jpeg2000,3,5,0.0630184956623094,0.6171026802304879,0.52550861,0.34040342,39.645912
geckos,fnoise,4,1,0.00604022446069664,0.00404056257706617,0.00490064,0.01048954,2.976673
geckos,fnoise,4,2,0.114962845432182,0.19014872953165,0.01556023,0.03472805,8.225893
geckos,fnoise,4,3,0.138473109316797,0.33751295659178304,0.04940259,0.07459063,10.832569
geckos,fnoise,4,4,0.129162586339423,0.451414332590196,0.11214239,0.12889784,21.309504999999998
geckos,fnoise,4,5,0.0948042650297192,0.609817511624709,0.26014074,0.21386192,30.279020000000003
geckos,BLUR,5,1,0.0222810632388306,0.0125227979269504,0.00236188,0.00414303,1.007471
geckos,BLUR,5,2,0.0357462551744195,0.0676278816560726,0.00933879,0.01566915,2.022903
geckos,BLUR,5,3,0.0999029609772808,0.23096193046682295,0.0336331,0.05182881,4.269383
geckos,BLUR,5,4,0.137291343610885,0.34085815098167205,0.11712569,0.14495285,10.766983999999999
geckos,BLUR,5,5,0.126530355777186,0.5697377920473891,0.46570196,0.34353991,53.280102
geckos,contrast,6,1,0.0768990027852296,0.10539768448341,0.01158812,0.04713007,10.023334
geckos,contrast,6,2,0.122986665172372,0.23884004434635006,0.07541606,0.09700664,23.557357999999997
geckos,contrast,6,3,0.10364964118403802,0.4523827246646339,0.3974033,0.24229324,44.593506
lady_liberty,AWGN,1,1,0.0409574196789398,0.0324762100136628,0.00480079,0.04700712,2.4927479999999997
lady_liberty,AWGN,1,2,0.0758878545412619,0.151055252815776,0.017639,0.13700366,4.4268160000000005
lady_liberty,AWGN,1,3,0.0873584620895848,0.254612477058658,0.04885126,0.26528273,8.479782
lady_liberty,AWGN,1,4,0.17338812066998702,0.384169331053546,0.1086851,0.39149439,12.003879
lady_liberty,AWGN,1,5,0.185656002902408,0.487482878919033,0.21709277,0.50810774,17.501188
lady_liberty,JPEG,2,1,0.008541703032770841,0.0169723412797432,0.00364426,0.024369599999999998,2.38167
lady_liberty,JPEG,2,2,0.0447302915255724,0.273513737072985,0.02472618,0.06581831,5.525636
lady_liberty,JPEG,2,3,0.170300145658254,0.531659729393099,0.09968425,0.13323122,14.086127
lady_liberty,JPEG,2,4,0.155064066605249,0.6545024881498829,0.15778786,0.15603147,19.962286
lady_liberty,JPEG,2,5,0.15860065788287306,0.7703178811551259,0.33544002,0.22118763,33.638690999999994
lady_liberty,jpeg2000,3,1,0.0430576749657419,0.0312465408777498,0.0084212,0.03337882,5.335227
lady_liberty,jpeg2000,3,2,0.120139002235193,0.267003952398056,0.02678179,0.06134271,10.00528
lady_liberty,jpeg2000,3,3,0.061351242282401,0.508630007134519,0.07655283,0.11500610000000001,20.947096
lady_liberty,jpeg2000,3,4,0.113152957644047,0.7634242439153901,0.19986416,0.20429668,81.810577
lady_liberty,jpeg2000,3,5,0.0386663339912867,0.907292019378275,0.39724408,0.28594908,125.3405
lady_liberty,fnoise,4,1,0.0526350243713625,0.031953601177432005,0.01046006,0.02183979,4.733219
lady_liberty,fnoise,4,2,0.105992566557764,0.19346122699515694,0.03924666,0.07523364,9.233132000000001
lady_liberty,fnoise,4,3,0.147530062115931,0.35243224472398205,0.10716702,0.17177604,15.684156
lady_liberty,fnoise,4,4,0.195159527696244,0.505369606266316,0.30810663,0.35201429,22.944305
lady_liberty,fnoise,4,5,0.211244745326049,0.6419916025765571,0.58787158,0.50376387,39.546478
lady_liberty,BLUR,5,1,0.0394067057021596,0.0589375055397078,0.00255447,0.00872976,2.542328
lady_liberty,BLUR,5,2,0.0917274822576504,0.226532464087034,0.01124778,0.02995534,6.593852
lady_liberty,BLUR,5,3,0.0912119061251637,0.461503187958648,0.0469326,0.08420159,23.062334
lady_liberty,BLUR,5,4,0.0801931564942794,0.673303920042541,0.16739271,0.180513,108.459488
lady_liberty,BLUR,5,5,0.0,0.965804775136334,0.40860127,0.27812433,126.150581
lady_liberty,contrast,6,1,0.0701371151412987,0.091670858420499,0.01056659,0.01575643,12.314991000000001
lady_liberty,contrast,6,2,0.120681141513584,0.305202654274408,0.06649359,0.06220395,29.530178000000003
lady_liberty,contrast,6,3,0.0734947879858848,0.640589645918238,0.34535634,0.25663637,73.86488299999999
lake,AWGN,1,1,0.0284253975778787,0.0221403298301723,0.00224193,0.02499058,2.268255
lake,AWGN,1,2,0.0348261941481423,0.136921328964311,0.00808653,0.06989446,3.990642
lake,AWGN,1,3,0.111671442467187,0.295296301578588,0.02399927,0.14213702,7.104155
lake,AWGN,1,4,0.12847965064221098,0.43723698059651,0.05801249,0.22271822,11.216074
lake,AWGN,1,5,0.14365820056858405,0.536121838769435,0.12274476,0.30749213,16.289928
lake,JPEG,2,1,0.0258995174044007,0.0207020316883273,0.00040305,0.0100115,0.8848450000000001
lake,JPEG,2,2,0.0504638332020079,0.0788369831914257,0.00450911,0.03336057,2.502795
lake,JPEG,2,3,0.12402197616285,0.155843224232949,0.01876698,0.06505373,4.17206
lake,JPEG,2,4,0.160479519564019,0.4293711251588029,0.07797135,0.14359263,8.218696000000001
lake,JPEG,2,5,0.0,0.729901467186096,0.31345228,0.28850354,32.663128
lake,jpeg2000,3,1,0.105149750157087,0.0654311282609431,0.00195527,0.01844407,2.5219869999999998
lake,jpeg2000,3,2,0.14769645693341,0.166943861955545,0.00883165,0.04172842,4.1102
lake,jpeg2000,3,3,0.16266901358348598,0.24779660537805706,0.03324642,0.08435419,6.633379
lake,jpeg2000,3,4,0.14206929227462695,0.408122501042693,0.11033452,0.16197501,14.29163
lake,jpeg2000,3,5,0.0431680532219137,0.6823373296365121,0.42910032,0.32736954,44.648994
lake,fnoise,4,1,0.13287816137882902,0.124646515990482,0.00450895,0.01732587,5.109555
lake,fnoise,4,2,0.147404388128055,0.29034460820947,0.01728458,0.04418303,7.79655
lake,fnoise,4,3,0.17894452546974104,0.4396969536072421,0.04792614,0.09831160000000001,14.086425
lake,fnoise,4,4,0.0570139608071078,0.571498216670102,0.11986937,0.17070764,22.277357000000002
lake,fnoise,4,5,0.0333260172650377,0.659031880730699,0.25458301,0.26751622,31.322896999999998
lake,BLUR,5,1,0.0737124373805785,0.07417684639598797,0.00217301,0.00353439,1.391239
lake,BLUR,5,2,0.105037103070134,0.162925993919541,0.00820118,0.01298417,2.842068
lake,BLUR,5,3,0.0765775578346332,0.295627731106607,0.02778647,0.04420581,5.2413870000000005
lake,BLUR,5,4,0.10737447799354302,0.470206654381984,0.08764606,0.12248331,9.558728
lake,BLUR,5,5,0.0454493748347975,0.654703984124974,0.35155491,0.29847892,43.484253
lake,contrast,6,1,0.0647000358301052,0.094336192672836,0.00882537,0.06774971,5.754561
lake,contrast,6,2,0.093119531180929,0.26506273334541297,0.0592923,0.12289059,14.131844000000001
lake,contrast,6,3,0.13821457705209805,0.4097319656624741,0.33264709,0.24353328,34.536235999999995
lake,contrast,6,4,0.0177684247042986,0.5064556060646389,0.50167962,0.30061998,41.716473
log_seaside,AWGN,1,1,0.0,0.0,0.00246341,0.03606098,2.216114
log_seaside,AWGN,1,2,0.0392474472727247,0.0565610642206485,0.00881353,0.10177463,3.981302
log_seaside,AWGN,1,3,0.0758610166541937,0.131854571888407,0.02530948,0.19818366,5.989343
log_seaside,AWGN,1,4,0.120851221357974,0.26746544001447,0.05903502,0.29522719,9.522388000000001
log_seaside,AWGN,1,5,0.118960280972502,0.441761665932138,0.11667542,0.38196662,14.738992999999999
log_seaside,JPEG,2,1,0.00044260525539042,0.000207530393361341,0.00038273,0.01124381,1.486974
log_seaside,JPEG,2,2,0.006998135107065521,0.0092886386361385,0.00293379,0.03292961,1.943601
log_seaside,JPEG,2,3,0.0358102027024801,0.0378058886172169,0.01597446,0.07460178,3.660219
log_seaside,JPEG,2,4,0.0526224108220473,0.26925790187238896,0.06145259,0.15341404,9.380005
log_seaside,JPEG,2,5,0.0644357535209272,0.638936428106042,0.21861212,0.28601583,24.653605
log_seaside,jpeg2000,3,1,0.00044260525539042,0.000207530393361341,0.00213842,0.02155858,2.256231
log_seaside,jpeg2000,3,2,0.0465520959778071,0.0447634989163678,0.00879522,0.04878908,4.491336
log_seaside,jpeg2000,3,3,0.0255180529055984,0.15995182883201,0.03379804,0.10962001,11.412532
log_seaside,jpeg2000,3,4,0.0744506482575304,0.3944238422372229,0.10407739999999999,0.20040134,24.644165
log_seaside,jpeg2000,3,5,0.0595114010341876,0.693041484714611,0.24133804,0.29391207,40.447144
log_seaside,fnoise,4,1,0.0124710104381383,0.0175102254593008,0.00499133,0.01917311,3.9214290000000003
log_seaside,fnoise,4,2,0.0476859070087657,0.143125216780299,0.01860215,0.05218723,8.551912
log_seaside,fnoise,4,3,0.102866666021679,0.3229692436329489,0.05740035,0.12440815,14.643668
log_seaside,fnoise,4,4,0.0821636325562425,0.518165050961577,0.14297555,0.23315879,18.064476000000003
log_seaside,fnoise,4,5,0.0785310634717683,0.6726434086871539,0.30719597,0.35269415,31.820244
log_seaside,BLUR,5,1,0.0111999765533853,0.0134944400765824,0.00132218,0.00264885,1.684577
log_seaside,BLUR,5,2,0.0527764210118956,0.0780735246932458,0.00528279,0.01009125,3.175505
log_seaside,BLUR,5,3,0.0777473404192762,0.207243120376521,0.01694497,0.0322901,5.2345489999999995
log_seaside,BLUR,5,4,0.0733960608591554,0.35051352124547,0.05010656,0.08648869999999999,8.590816
log_seaside,BLUR,5,5,0.0971187367005783,0.590394371320891,0.15151054,0.19592982,15.282792
log_seaside,contrast,6,1,0.0209273158769666,0.0234199582426099,0.00524188,0.03367776,6.417622
log_seaside,contrast,6,2,0.0627619052008187,0.156704774941998,0.03409902,0.06700652,15.188877
log_seaside,contrast,6,3,0.172219859482967,0.369062184113324,0.15917077,0.14631504,29.59037
log_seaside,contrast,6,4,0.19063574231253505,0.458281658081717,0.22599989,0.17934095,34.182362
monument,AWGN,1,1,0.0153670097219721,0.0124067261258512,0.00342745,0.03752617,2.433555
monument,AWGN,1,2,0.0427926939089634,0.0810701023513949,0.01269607,0.11030205,3.929067
monument,AWGN,1,3,0.0871347370439149,0.183266368497344,0.03523643,0.22176225,6.38203
monument,AWGN,1,4,0.185645792016415,0.32475796544679103,0.08417543,0.34457872,11.407924000000001
monument,AWGN,1,5,0.22570283851164,0.4677430340193111,0.17023344,0.44448894,17.360722
monument,JPEG,2,1,0.006580520661344761,0.0155654016856816,0.00218058,0.02356699,1.7845790000000001
monument,JPEG,2,2,0.0520398611127972,0.0632695393426818,0.01384098,0.06274456,3.570327
monument,JPEG,2,3,0.0985828393535527,0.32396333981576503,0.06399921,0.13430044,9.09929
monument,JPEG,2,4,0.130991484646134,0.567924204716453,0.14923785,0.20344846,15.974355
monument,JPEG,2,5,0.0499030524429944,0.765558606165024,0.37391656,0.3216341,31.621934999999997
monument,jpeg2000,3,1,0.0016971444829805599,0.0146237022202119,0.00462041,0.02942782,2.5867080000000002
monument,jpeg2000,3,2,0.0348859199330424,0.10641212793247197,0.02530716,0.0663323,7.936642
monument,jpeg2000,3,3,0.0487337179451706,0.380948149974094,0.08810308,0.15203863,21.334127
monument,jpeg2000,3,4,0.0511634807195756,0.665181991863033,0.28286632,0.28565898,38.151061999999996
monument,jpeg2000,3,5,0.0,0.8205976601218911,0.70701113,0.41699175,87.53647600000001
monument,fnoise,4,1,0.0433526276996902,0.0309425951566799,0.00692161,0.02290228,4.165576000000001
monument,fnoise,4,2,0.172287736502394,0.208239876527408,0.02404135,0.07360038,7.342303
monument,fnoise,4,3,0.212115677500549,0.320126538932693,0.0703831,0.15080679,14.831406
monument,fnoise,4,4,0.21537151340977695,0.513709065441722,0.18992699,0.27348581,27.350576
monument,fnoise,4,5,0.21687914326727,0.5984775820319761,0.38879194,0.39989045,30.376419
monument,BLUR,5,1,0.0377772354464753,0.0476681560558539,0.00311599,0.00850921,1.7631560000000002
monument,BLUR,5,2,0.07591990521804699,0.17704606099594,0.01239047,0.03223569,3.281652
monument,BLUR,5,3,0.12727409288015,0.359401222442396,0.04582681,0.09716257,6.934346000000001
monument,BLUR,5,4,0.0515709686633564,0.58754919481282,0.17854515,0.24491132,36.310448
monument,BLUR,5,5,0.0130939762299301,0.790274774002731,0.5773384,0.37328281,114.16053799999999
monument,contrast,6,1,0.0152933213019066,0.0131772067093427,0.00549587,0.08304265,6.068511
monument,contrast,6,2,0.08261703027600599,0.142370260524047,0.03322841,0.14033058,13.959017000000001
monument,contrast,6,3,0.166555370109478,0.258125453354668,0.15210908,0.21454928,27.487143
monument,contrast,6,4,0.21203302095988105,0.323350586276559,0.21504834,0.24166905,31.732677000000002
native_american,AWGN,1,1,0.0611467735662768,0.0403223836318586,0.00408656,0.03323965,2.0550479999999998
native_american,AWGN,1,2,0.0734590238391163,0.0690798396360254,0.01446615,0.09497698,3.689051
native_american,AWGN,1,3,0.0696976544261774,0.223948142795052,0.03980279,0.18898026,6.883427
native_american,AWGN,1,4,0.137259778779798,0.401099171493965,0.09170271,0.30315056,8.890216
native_american,AWGN,1,5,0.109312717722823,0.476059648735469,0.18390097,0.4169208,15.809939000000002
native_american,JPEG,2,1,0.0352948393249323,0.0226057755963522,0.00087572,0.01170703,1.127675
native_american,JPEG,2,2,0.0845324244625743,0.0917093587465779,0.01035252,0.05340798,2.847055
native_american,JPEG,2,3,0.133749143951017,0.362078209401192,0.06076728,0.12982014,7.637541000000001
native_american,JPEG,2,4,0.0644142689361603,0.699263328904396,0.24276816,0.25708561,20.134781
native_american,JPEG,2,5,0.0359358289398652,0.827043675677701,0.46603461,0.3587438,36.373421
native_american,jpeg2000,3,1,0.0683551294401013,0.0549065953090578,0.00459225,0.02901067,2.464854
native_american,jpeg2000,3,2,0.0687601983098467,0.15030966828580405,0.02394114,0.07007079,5.979178
native_american,jpeg2000,3,3,0.0820074536471948,0.372919861542802,0.08540487,0.15091202,15.387589000000002
native_american,jpeg2000,3,4,0.0638552270140232,0.7231220816523759,0.27971011,0.2806808,51.606196999999995
native_american,jpeg2000,3,5,0.0039740999459228704,0.887084645233867,0.77784065,0.42516323,140.953232
native_american,fnoise,4,1,0.11054187271940598,0.0868997288604232,0.00818223,0.01585216,5.556346
native_american,fnoise,4,2,0.107991629913041,0.254457180803182,0.02829616,0.04793632,7.494269999999999
native_american,fnoise,4,3,0.144235613806447,0.490956031484802,0.08345753,0.11980248,12.974114
native_american,fnoise,4,4,0.128670353659737,0.617729817482694,0.20592048,0.21996164,29.518394
native_american,fnoise,4,5,0.110019815913206,0.7354442595989721,0.45402127,0.36903909,34.039246
native_american,BLUR,5,1,0.0158047414668743,0.0350806577397211,0.00363928,0.01145298,1.7035240000000003
native_american,BLUR,5,2,0.13710251153293498,0.172278655045137,0.01511384,0.04178006,3.850447
native_american,BLUR,5,3,0.100738828097712,0.36493872470823,0.06655723,0.12636468,13.578861999999999
native_american,BLUR,5,4,0.0749270456807105,0.606541844494651,0.26254086,0.25719889,80.24736800000001
native_american,BLUR,5,5,0.0276630554535495,0.8680668386637099,0.7622475000000001,0.41028252,146.782166
native_american,contrast,6,1,0.0612373908900794,0.0619383920051393,0.00598798,0.031872700000000004,5.9751959999999995
native_american,contrast,6,2,0.14394917169553306,0.223733471642594,0.03423781,0.07456281,13.853833999999999
native_american,contrast,6,3,0.162213434422319,0.36958650499944895,0.14573156,0.15545936,26.626944
native_american,contrast,6,4,0.21823226788758104,0.45862626570119,0.20811436,0.18966085,31.160007
redwood,AWGN,1,1,0.0235725687298528,0.0508656777590375,0.00383745,0.03678059,2.701566
redwood,AWGN,1,2,0.0836780621051108,0.187573996043933,0.01401898,0.10600425,4.224927
redwood,AWGN,1,3,0.15082519538883998,0.322696257054247,0.04165315,0.22465545,7.912772
redwood,AWGN,1,4,0.190992590207435,0.4315554528997741,0.09723769,0.34523881,12.324158
redwood,AWGN,1,5,0.200216673579762,0.544838480133743,0.19876408,0.45623625,19.183117000000003
redwood,JPEG,2,1,0.0039139021336791705,0.0271684906998833,0.0023117,0.02205703,1.5383959999999999
redwood,JPEG,2,2,0.0988385848878755,0.0986550888068831,0.01103448,0.04917463,3.494705
redwood,JPEG,2,3,0.16277189071459802,0.425071769771008,0.05266543,0.11770962,7.401535000000001
redwood,JPEG,2,4,0.110772267599247,0.744925949611987,0.19919229,0.24485055,16.147242000000002
redwood,JPEG,2,5,0.014065711869556005,0.8458024808160971,0.48575916,0.35743987,32.431346999999995
redwood,jpeg2000,3,1,0.0144333505772298,0.0317074432497919,0.00511786,0.03184506,2.817805
redwood,jpeg2000,3,2,0.0912773851828378,0.18231648195327105,0.02342567,0.0717528,5.638596
redwood,jpeg2000,3,3,0.180514420605982,0.4344376922031,0.08772269,0.15396025,14.68025
redwood,jpeg2000,3,4,0.0975798816256229,0.681236182447329,0.26823971,0.28852014,38.694359000000006
redwood,jpeg2000,3,5,0.0179017787297346,0.88572551017027,0.84677017,0.41966601,121.25534099999999
redwood,fnoise,4,1,0.0614443373945969,0.09484426787655903,0.0087531,0.03314191,6.142364
redwood,fnoise,4,2,0.11157321793219503,0.309780939885834,0.02957225,0.07154028,8.925744
redwood,fnoise,4,3,0.183092653007227,0.524451959971738,0.08645366,0.15964671,16.266928
redwood,fnoise,4,4,0.16813699667557,0.6532465002497111,0.21347533,0.28761295,28.566141
redwood,fnoise,4,5,0.146309545082801,0.7520708067110979,0.48723145,0.45575525,50.389202000000004
redwood,BLUR,5,1,0.0734603157488206,0.0879423519356235,0.00283297,0.00537364,1.629665
redwood,BLUR,5,2,0.08885076399446801,0.229959879528048,0.01092828,0.02028869,3.222798
redwood,BLUR,5,3,0.14332378003015198,0.3809305948865751,0.04006785,0.068925,6.190097
redwood,BLUR,5,4,0.15766400881268802,0.569353854701792,0.17739181,0.21437392,26.274193
redwood,BLUR,5,5,0.0588924332592514,0.845567152292092,0.83779073,0.40728758,130.13720700000002
redwood,contrast,6,1,0.0987236021033505,0.0738893547346898,0.00638989,0.07563444,5.743873000000001
redwood,contrast,6,2,0.140308523143455,0.198000964719704,0.041487699999999995,0.15019872,17.974325
redwood,contrast,6,3,0.0606511472753762,0.389842267772798,0.2076536,0.25593252,46.140919
redwood,contrast,6,4,0.242961320278466,0.470886338946221,0.29194665,0.29367324,48.020088
roping,AWGN,1,1,0.00358044046989387,0.00250084549880867,0.00297239,0.03810633,3.158499
roping,AWGN,1,2,0.11101804996174698,0.105027965356973,0.01048112,0.11549256,5.481856
roping,AWGN,1,3,0.150743936861019,0.18451697089028896,0.03255056,0.24220043,9.670178
roping,AWGN,1,4,0.215522123978249,0.381883665320493,0.09110684,0.37582635,16.280943
roping,AWGN,1,5,0.272535632178361,0.5130783850929961,0.21193765,0.48156488,26.782621000000002
roping,JPEG,2,1,0.0149237299756421,0.01367654428414,0.00047715,0.0093086,0.821254
roping,JPEG,2,2,0.0619238460978015,0.0751151507217272,0.00512121,0.03562258,2.704532
roping,JPEG,2,3,0.15593789156389098,0.30044760864590103,0.03844043,0.11063265,6.05346
roping,JPEG,2,4,0.147327979121281,0.5992930581806171,0.13803734,0.22507263,16.257019
roping,JPEG,2,5,0.0882151827909116,0.8292912762324091,0.36574562,0.37220336,44.929974
roping,jpeg2000,3,1,0.0190165362134943,0.0170647661165142,0.00337958,0.02186828,2.914167
roping,jpeg2000,3,2,0.0907867297226835,0.17185760841662898,0.01638361,0.05512641,6.11564
roping,jpeg2000,3,3,0.143703997083121,0.364208090709058,0.06468288,0.13525,12.444647999999999
roping,jpeg2000,3,4,0.154087938849785,0.670976696397617,0.23162324,0.29387173,46.552563
roping,jpeg2000,3,5,0.0,0.910231322272995,0.84824003,0.47204624,111.434128
roping,fnoise,4,1,0.0165727233981818,0.0322601344482188,0.00580968,0.04312015,4.665854
roping,fnoise,4,2,0.111733541309578,0.138742779190317,0.02148715,0.10274859,9.298767
roping,fnoise,4,3,0.23095674453495604,0.335891622204232,0.06776134,0.19289812,21.547129
roping,fnoise,4,4,0.2150805816575,0.5125083255862071,0.18938514,0.30825916,30.400510999999998
roping,fnoise,4,5,0.0352125699068573,0.738256363096876,0.48905164,0.45952978,70.794563
roping,BLUR,5,1,0.0404284205857519,0.0341082804398746,0.00357583,0.00934589,1.5961100000000001
roping,BLUR,5,2,0.17757030536195104,0.188498969023583,0.013928799999999998,0.03620063,3.3389849999999996
roping,BLUR,5,3,0.169367175489677,0.470543830708936,0.05649216,0.11678611,8.64512
roping,BLUR,5,4,0.13264226124882,0.670045905921657,0.21746765,0.26297717,42.346661
roping,BLUR,5,5,0.0318534142005725,0.8797110078500842,0.75715844,0.42842402,118.88195
roping,contrast,6,1,0.0536270149834381,0.0564434381160269,0.00602695,0.15666341,8.081728
roping,contrast,6,2,0.138691991658966,0.19212609143738,0.03850773,0.23900292,16.938519
roping,contrast,6,3,0.21967937714936106,0.370884745456243,0.20328352,0.34869059,31.429373
roping,contrast,6,4,0.26711984655644,0.450367260446677,0.29344000000000003,0.38890454,36.023647
rushmore,AWGN,1,1,0.0171190423322985,0.0324984855679488,0.00318351,0.04033593,2.055774
rushmore,AWGN,1,2,0.0999964905473309,0.130995747800673,0.01169561,0.11497611,3.7006040000000002
rushmore,AWGN,1,3,0.0982200732556712,0.258896524043824,0.03252179,0.21672665,6.304735
rushmore,AWGN,1,4,0.107809689348359,0.381887860086755,0.07613527,0.31708271,10.489682
rushmore,AWGN,1,5,0.11538760769295098,0.512602656954239,0.15703761,0.41047161,15.064720999999999
rushmore,JPEG,2,1,0.00982933031537397,0.0241310425143725,0.00093603,0.02229032,1.51529
rushmore,JPEG,2,2,0.060415050187198,0.0429716643697648,0.00648335,0.05532798,2.595964
rushmore,JPEG,2,3,0.0920619105244841,0.180692618641822,0.02482786,0.09144042,4.090012000000001
rushmore,JPEG,2,4,0.081511496405019,0.537272329988274,0.11216077,0.20837001,12.006615
rushmore,JPEG,2,5,0.0595186944866526,0.666299331091034,0.21992539,0.29598345,17.132233
rushmore,jpeg2000,3,1,0.0280506623953092,0.0182677390852992,0.00329419,0.03956834,2.805037
rushmore,jpeg2000,3,2,0.0514071181671816,0.0900438595854196,0.01497674,0.06598167,7.5896539999999995
rushmore,jpeg2000,3,3,0.0336947327238785,0.30623752404460697,0.0554813,0.12998897,10.931545
rushmore,jpeg2000,3,4,0.019157960529534,0.5014119207592941,0.15458604,0.24561031,18.701372
rushmore,jpeg2000,3,5,0.0,0.753766697937384,0.3851757,0.35803125,48.059578
rushmore,fnoise,4,1,0.0138858182030915,0.198399792903884,0.00798496,0.01996113,3.69835
rushmore,fnoise,4,2,0.0731982931667447,0.29664814388356603,0.02937613,0.06318858,8.153108
rushmore,fnoise,4,3,0.0704027759352007,0.4222667107150471,0.0879465,0.15713169,12.790119
rushmore,fnoise,4,4,0.130879487467145,0.546637526829056,0.20723705,0.2789966,27.726057
rushmore,fnoise,4,5,0.106626730200884,0.635855678368249,0.38819751,0.38158605,36.628902000000004
rushmore,BLUR,5,1,0.0208030969899893,0.0114422394261292,0.00174782,0.00452424,1.4330209999999999
rushmore,BLUR,5,2,0.129583445685488,0.0832869615679574,0.00679637,0.01746342,2.80335
rushmore,BLUR,5,3,0.119178323709045,0.24158265205323606,0.02395415,0.06127358,4.687456
rushmore,BLUR,5,4,0.114615836100789,0.41557587347732106,0.07559937,0.15892912,9.757059
rushmore,BLUR,5,5,0.0960679787255885,0.6575907408348289,0.27909277,0.31401209999999996,53.594814
rushmore,contrast,6,1,0.162990774622173,0.12470785915433197,0.00586952,0.00640093,7.020200999999999
rushmore,contrast,6,2,0.16553136858367098,0.2895877969221,0.0342839,0.03017662,16.904101999999998
rushmore,contrast,6,3,0.147187963891737,0.392930441511528,0.1532996,0.10285775,34.579471999999996
rushmore,contrast,6,4,0.14182671527820906,0.5057768278557471,0.21968091,0.13902946,41.028915000000005
shroom,AWGN,1,1,0.045002903374971,0.0314485376708505,0.00283023,0.02547463,2.169062
shroom,AWGN,1,2,0.108077497311925,0.13560229338753502,0.01003737,0.07545375,3.91125
shroom,AWGN,1,3,0.0981337531523909,0.23673003113417895,0.028699000000000002,0.15979435,7.119381
shroom,AWGN,1,4,0.127046308522228,0.355140704444758,0.07088404,0.27095431,11.000912
shroom,AWGN,1,5,0.130453898381357,0.463234891506711,0.14543279,0.37588372,17.357494
shroom,JPEG,2,1,0.00340343445071371,0.0196467941859409,0.00059723,0.01118856,1.2186569999999999
shroom,JPEG,2,2,0.135768563140017,0.124728032078247,0.00962895,0.05571654,3.5464309999999997
shroom,JPEG,2,3,0.0939804718120375,0.307087333478032,0.04955163,0.12242315,10.49688
shroom,JPEG,2,4,0.0465429361201602,0.6631311409046661,0.18673449,0.2335536,20.410614000000002
shroom,JPEG,2,5,0.0380457303310654,0.7800809051992209,0.41761941,0.3266265,32.608631
shroom,jpeg2000,3,1,0.005146993123163361,0.0040098834709166396,0.00344207,0.02484608,2.8355189999999997
shroom,jpeg2000,3,2,0.0512908125803527,0.08026343906227401,0.01743698,0.0659711,6.593887
shroom,jpeg2000,3,3,0.0640899510090443,0.39102073278905297,0.06964625,0.14076716,25.49535
shroom,jpeg2000,3,4,0.0302368766555267,0.605435091768849,0.25890044,0.24018544,41.552544
shroom,jpeg2000,3,5,0.00101092112397437,0.836571560338417,0.88204188,0.43462397,114.04309099999999
shroom,fnoise,4,1,0.00548537469146479,0.0215458434627984,0.004901300000000001,0.0159209,3.4109839999999996
shroom,fnoise,4,2,0.11043104966328,0.179983648079219,0.01784443,0.04740332,6.629167999999999
shroom,fnoise,4,3,0.101528302870209,0.355738961368582,0.05479711,0.10645779999999999,12.427475999999999
shroom,fnoise,4,4,0.097318563380399,0.5747635861370051,0.15509868,0.2144449,24.782541000000002
shroom,fnoise,4,5,0.0978944117976674,0.701657957981586,0.29812014,0.30324558,38.707634000000006
shroom,BLUR,5,1,0.0677781524114308,0.0460415329673796,0.00325645,0.01302534,2.3879330000000003
shroom,BLUR,5,2,0.103585061303216,0.161031365699665,0.01458052,0.04576253,5.702646
shroom,BLUR,5,3,0.0504625149031311,0.39470816084868093,0.05612776,0.10250726,15.080116
shroom,BLUR,5,4,0.0706063529735957,0.549159898685744,0.20876684,0.22496901,53.276447
shroom,BLUR,5,5,0.0794283122583097,0.7692416529963191,0.79067566,0.39797275,134.659729
shroom,contrast,6,1,0.0963548247856016,0.0806303935443436,0.00777678,0.05375432,5.625678
shroom,contrast,6,2,0.0923359783522431,0.184374274690675,0.05156761,0.10765343,14.494995000000001
shroom,contrast,6,3,0.109508697673859,0.332785599151269,0.27439336,0.23264839,35.268608
shroom,contrast,6,4,0.133381903218101,0.4101935718681961,0.40963588,0.2891752,44.946365
snow_leaves,AWGN,1,1,0.0,0.0188477751591512,0.00244702,0.02745045,2.953601
snow_leaves,AWGN,1,2,0.0673972233585761,0.0634871500997676,0.00929509,0.08629087,4.919615
snow_leaves,AWGN,1,3,0.18522498589551,0.21173971427156504,0.02817555,0.19060114,9.047713
snow_leaves,AWGN,1,4,0.08093091905415499,0.293438517266915,0.07472828,0.29670692,16.894299
snow_leaves,AWGN,1,5,0.154279981069377,0.434127385188805,0.16987313,0.39337911,25.1768
snow_leaves,JPEG,2,1,0.0360666667685691,0.0218580095181642,0.00162645,0.01634646,1.729871
snow_leaves,JPEG,2,2,0.035335286584392,0.0596605722874124,0.00846459,0.04285642,4.30716
snow_leaves,JPEG,2,3,0.128178632469998,0.260904686407697,0.03649428,0.09525329,8.110014999999999
snow_leaves,JPEG,2,4,0.1187428515944,0.555248372497104,0.10631351,0.16410515,14.462982
snow_leaves,JPEG,2,5,0.0637733590210501,0.7108158442220269,0.25219182,0.21655804,31.64855
snow_leaves,jpeg2000,3,1,0.00531285391913254,0.00402707631408491,0.00310852,0.01833823,2.2801869999999997
snow_leaves,jpeg2000,3,2,0.0672487480528581,0.0778399810671191,0.01486532,0.04661556,6.813961
snow_leaves,jpeg2000,3,3,0.048351632656815004,0.187380964093481,0.05090455,0.10069821,20.508620999999998
snow_leaves,jpeg2000,3,4,0.0844665234048389,0.555399877623169,0.14211939,0.16729625,31.075603000000005
snow_leaves,jpeg2000,3,5,0.0354232671552398,0.756590615811601,0.41767567,0.27932559,70.323883
snow_leaves,fnoise,4,1,0.0554917964143585,0.0476336623504783,0.00455933,0.040090600000000004,5.6529620000000005
snow_leaves,fnoise,4,2,0.11462234657392402,0.224576274016044,0.01547709,0.08509338,9.45295
snow_leaves,fnoise,4,3,0.198922459575114,0.411411120649134,0.0505588,0.16734227,17.339257999999997
snow_leaves,fnoise,4,4,0.132960987011318,0.536041919106103,0.15009636,0.25859013,40.082367
snow_leaves,fnoise,4,5,0.156855506128017,0.679135001021913,0.25705318,0.33017385,44.185978000000006
snow_leaves,BLUR,5,1,0.0303215758515253,0.019750907359368,0.0026879,0.00599786,2.670223
snow_leaves,BLUR,5,2,0.0667609406254032,0.139744136386306,0.0097759,0.02125619,4.851465
snow_leaves,BLUR,5,3,0.149347433500474,0.3003250012575689,0.03379766,0.05997443,9.1858
snow_leaves,BLUR,5,4,0.21638836218624,0.459809441650327,0.11375607,0.13172736,23.360912
snow_leaves,BLUR,5,5,0.0788420995427408,0.6964102274069589,0.32767477,0.22847301,88.65422099999999
snow_leaves,contrast,6,1,0.0279775889449194,0.0406596841400221,0.00419111,0.09999444,7.507728
snow_leaves,contrast,6,2,0.114769761736139,0.220942967765178,0.0266832,0.1678312,17.675444
snow_leaves,contrast,6,3,0.144984058783023,0.31952654394393604,0.1420072,0.24722719,33.81078
snow_leaves,contrast,6,4,0.14775541185527,0.3787583969219721,0.21242678,0.2746264,39.221249
sunset_sparrow,AWGN,1,1,0.0486330083220081,0.0421311848724631,0.00436615,0.04671572,2.80768
sunset_sparrow,AWGN,1,2,0.0739436071154855,0.179277762168376,0.01594386,0.132055,4.578633
sunset_sparrow,AWGN,1,3,0.121269927670537,0.325552187558203,0.04398713,0.2504211,7.116528
sunset_sparrow,AWGN,1,4,0.105432271776951,0.457658667058687,0.10493061,0.37024399,12.384719
sunset_sparrow,AWGN,1,5,0.14188311196707198,0.5489817652886091,0.20395770000000002,0.47169178,18.953266
sunset_sparrow,JPEG,2,1,0.0606362115350619,0.0431666135116007,0.00086166,0.01233243,1.87074
sunset_sparrow,JPEG,2,2,0.07111113969917099,0.117385890143282,0.00262021,0.03273395,2.004378
sunset_sparrow,JPEG,2,3,0.145803854308116,0.34171859983541697,0.02550043,0.09334306,6.346128
sunset_sparrow,JPEG,2,4,0.0616493028151221,0.721517708405624,0.16477341,0.20437805,20.313467000000003
sunset_sparrow,JPEG,2,5,0.0340194206320486,0.8260705557525171,0.37739534,0.29159894,42.80278
sunset_sparrow,jpeg2000,3,1,0.0832453618444374,0.0584016914489407,0.00423624,0.03902385,2.916301
sunset_sparrow,jpeg2000,3,2,0.0961534388939917,0.17850122211894895,0.01447517,0.06683603,6.452831
sunset_sparrow,jpeg2000,3,3,0.114951542073045,0.391255208611627,0.04993357,0.12021571,13.773525
sunset_sparrow,jpeg2000,3,4,0.0941690639119112,0.606084690200323,0.16988337,0.21399348,36.541396999999996
sunset_sparrow,jpeg2000,3,5,0.000651283240489547,0.8888100948524241,0.55719482,0.36361028,120.4515
sunset_sparrow,fnoise,4,1,0.156138048772518,0.224163341001226,0.00989474,0.02510284,4.932669000000001
sunset_sparrow,fnoise,4,2,0.12561472135072194,0.3692147455759229,0.03246483,0.08132566,9.155795
sunset_sparrow,fnoise,4,3,0.172863151619717,0.5390786784606489,0.09968239999999999,0.16534912,14.963613
sunset_sparrow,fnoise,4,4,0.126939781999652,0.606822999216119,0.25395483,0.30455838,27.696828999999997
sunset_sparrow,fnoise,4,5,0.0205236700176886,0.734219969408398,0.51178181,0.44069274,38.782565999999996
sunset_sparrow,BLUR,5,1,0.0869857451747187,0.086546926438892,0.00224712,0.00713011,2.139464
sunset_sparrow,BLUR,5,2,0.109893775526991,0.19069223495591606,0.00870243,0.02615438,3.9070489999999998
sunset_sparrow,BLUR,5,3,0.118053767192176,0.30689091843041605,0.03268317,0.07974877,7.688689
sunset_sparrow,BLUR,5,4,0.0760266396789371,0.547603817412336,0.14295572,0.19338562,43.124565000000004
sunset_sparrow,BLUR,5,5,0.0302273588206112,0.8459183068977391,0.55119773,0.34941500000000003,136.96608
sunset_sparrow,contrast,6,1,0.0875407257783832,0.093578431932442,0.00404346,0.04713532,6.987297
sunset_sparrow,contrast,6,2,0.162423458406801,0.260492666129633,0.02426183,0.07323149,15.478007999999999
sunset_sparrow,contrast,6,3,0.199971352294427,0.40187195765705297,0.11626012,0.13512911,29.059978000000005
sunset_sparrow,contrast,6,4,0.22772137337839896,0.465398227811447,0.24096887,0.2064781,40.637679999999996
sunsetcolor,AWGN,1,1,0.0375565275838729,0.0393061459626962,0.0051613,0.0538879,2.6698459999999997
sunsetcolor,AWGN,1,2,0.103684345750309,0.20556382339518,0.01907814,0.15758498,4.900055
sunsetcolor,AWGN,1,3,0.10539779431058803,0.30209527786483803,0.05396849,0.30616724,8.556258999999999
sunsetcolor,AWGN,1,4,0.139049852556191,0.4093955114873301,0.12912447,0.46472534,13.906585999999999
sunsetcolor,AWGN,1,5,0.179890701819475,0.5151544012013101,0.26963168,0.58886125,22.277044
sunsetcolor,JPEG,2,1,0.0305025502201436,0.0311704979779371,0.00591402,0.0317184,4.129856
sunsetcolor,JPEG,2,2,0.0777648111879406,0.436003190033464,0.04090879,0.08674478,9.355533
sunsetcolor,JPEG,2,3,0.0944156194185935,0.693030066044265,0.11349128,0.15247356,19.481009
sunsetcolor,JPEG,2,4,0.0785643394147964,0.8849463306607829,0.21933142,0.20219332,32.48069
sunsetcolor,JPEG,2,5,0.0788958795049675,0.9176434618166128,0.21933142,0.20219332,32.48069
sunsetcolor,jpeg2000,3,1,0.0219622980372224,0.0239281866266178,0.00900855,0.03657948,8.641615
sunsetcolor,jpeg2000,3,2,0.138118604293005,0.300653205778508,0.03677763,0.08764623,20.3463
sunsetcolor,jpeg2000,3,3,0.0159605017886907,0.6552262721284311,0.12157369,0.16430427,57.43124
sunsetcolor,jpeg2000,3,4,0.0559201300895496,0.8508908929712242,0.23862645,0.22269821,102.681725
sunsetcolor,jpeg2000,3,5,0.0210895061090041,1.0,0.2920377,0.24264028,116.254189
sunsetcolor,fnoise,4,1,0.0665003849087911,0.119233350538066,0.01106889,0.03485676,4.850601
sunsetcolor,fnoise,4,2,0.107869812010947,0.33921426487341905,0.04132284,0.10683716,9.968119
sunsetcolor,fnoise,4,3,0.147162505199517,0.531445564322513,0.13405982,0.22206626,16.108419
sunsetcolor,fnoise,4,4,0.14765643750031798,0.6173062372900301,0.32866352,0.3830757,30.050897999999997
sunsetcolor,fnoise,4,5,0.151845823267215,0.7214422199872959,0.70387283,0.56305008,49.673992
sunsetcolor,BLUR,5,1,0.0478140999128027,0.0730756013270166,0.00460385,0.01998311,4.322209
sunsetcolor,BLUR,5,2,0.160130177630664,0.308526460529921,0.02729147,0.06884493,21.587156
sunsetcolor,BLUR,5,3,0.1437324293741,0.725918191156092,0.10855228,0.14279043,101.763428
sunsetcolor,BLUR,5,4,0.0226787629178365,0.962782652262396,0.19206072,0.19258122,113.27975500000001
sunsetcolor,BLUR,5,5,0.0120646621985531,0.999408636559007,0.27535962,0.27305288,115.180489
sunsetcolor,contrast,6,1,0.0352866754670571,0.0520378402161407,0.00285908,0.17534922,7.215966000000001
sunsetcolor,contrast,6,2,0.0776868560667399,0.130972776279972,0.016179,0.22521338,16.469398
sunsetcolor,contrast,6,3,0.0432190976189442,0.27260057407090305,0.06487609,0.26258781,56.616322
sunsetcolor,contrast,6,4,0.132726893880038,0.413102179874708,0.09052366,0.27799219,37.011669
swarm,AWGN,1,1,0.0418429815484635,0.0351958629736669,0.00637239,0.05505276,2.588532
swarm,AWGN,1,2,0.0669961835636433,0.165719636553417,0.02220153,0.15063633,4.588629
swarm,AWGN,1,3,0.123239445495065,0.32187240559569896,0.06277395,0.28762137,8.945667
swarm,AWGN,1,4,0.157139080380825,0.41923208270217,0.13586291,0.40969339,11.691939999999999
swarm,AWGN,1,5,0.183241644727848,0.577175381412531,0.26145250000000003,0.52227014,18.118994
swarm,JPEG,2,1,0.0584928049790612,0.0466211817293208,0.00445086,0.04714786,2.312193
swarm,JPEG,2,2,0.0788612666314696,0.3692932089474461,0.031062700000000002,0.10661269999999999,5.992407
swarm,JPEG,2,3,0.161314624567825,0.713531869602051,0.17509102,0.19950975,18.559464000000002
swarm,JPEG,2,4,0.16809648261305002,0.7759623611843659,0.21069992,0.21036597,24.443304
swarm,JPEG,2,5,0.112089362099034,0.8911532878194749,0.43501579,0.33102849,39.602757000000004
swarm,jpeg2000,3,1,0.0146327312150738,0.0327960157453879,0.00892303,0.06278046,3.767715
swarm,jpeg2000,3,2,0.14134853793451502,0.31332770251796005,0.03597046,0.09788867,14.27651
swarm,jpeg2000,3,3,0.142694071940875,0.5723002201560999,0.11499388,0.19259128,35.373965999999996
swarm,jpeg2000,3,4,0.0683344530620039,0.837374320116984,0.30543085,0.28471853,88.880287
swarm,jpeg2000,3,5,0.0320239907258539,0.96715226489478,0.53020889,0.35865859,160.40535
swarm,fnoise,4,1,0.0773350236960789,0.072390211175927,0.01257764,0.02419606,4.805802
swarm,fnoise,4,2,0.0160660072402342,0.365700166715668,0.04652433,0.08192554,9.364411
swarm,fnoise,4,3,0.0640618147880005,0.5863255329517421,0.14567929,0.20622084,16.733917
swarm,fnoise,4,4,0.210137131938272,0.6967302184749511,0.33969879999999997,0.36052154,25.758522
swarm,fnoise,4,5,0.152556908452442,0.8164090218109878,0.70688132,0.51462866,37.867401
swarm,BLUR,5,1,0.0999962156250164,0.07540584921203501,0.00505189,0.02763221,2.911298
swarm,BLUR,5,2,0.109345700501205,0.29251160259288395,0.021057,0.06877648,7.911430999999999
swarm,BLUR,5,3,0.12666131637528,0.5587929645263571,0.07781534,0.15599723,33.460072
swarm,BLUR,5,4,0.131100905239464,0.817971696776263,0.22176772,0.2526335,141.666779
swarm,BLUR,5,5,0.0310153859246821,0.962826535294592,0.45805192,0.32501872,163.15596000000002
swarm,contrast,6,1,0.122838791654957,0.0906131720153249,0.00960669,0.01386402,9.101699
swarm,contrast,6,2,0.163824821736905,0.31475237457990096,0.06274147,0.06041412,23.554373000000002
swarm,contrast,6,3,0.10799074984189,0.625269811011869,0.33730466,0.25301957,73.834114
trolley,AWGN,1,1,0.00504691221016062,0.0286436638463749,0.0029844999999999997,0.02581015,1.953187
trolley,AWGN,1,2,0.0757975594179587,0.0902826676393398,0.01060715,0.07322047,3.4635089999999997
trolley,AWGN,1,3,0.076565676761425,0.219873827440764,0.03051398,0.15065831,5.069158
trolley,AWGN,1,4,0.07875490421254598,0.341872068654404,0.06712584,0.23703223,8.143856
trolley,AWGN,1,5,0.0973510123847163,0.450259300654434,0.13824866,0.33467713,13.405420000000001
trolley,JPEG,2,1,0.0027967442948703693,0.0262662498029195,0.0011992,0.01483206,1.4723030000000001
trolley,JPEG,2,2,0.0387061676077529,0.0572873413944536,0.00701043,0.04511058,2.434073
trolley,JPEG,2,3,0.106048914474772,0.168480081073374,0.02532014,0.09328510000000001,4.6511379999999996
trolley,JPEG,2,4,0.0703766566139168,0.578453969351756,0.11492796,0.21755585,13.085937
trolley,JPEG,2,5,0.0455341695202366,0.7265398724937591,0.23637241,0.28365504,25.897015
trolley,jpeg2000,3,1,0.0151424011722019,0.0359619064240879,0.00327053,0.02192657,2.197304
trolley,jpeg2000,3,2,0.0989790693472196,0.164425148486221,0.01553082,0.06854798,3.899455
trolley,jpeg2000,3,3,0.0538452899297667,0.349715360158082,0.05438131,0.14679097,9.297864
trolley,jpeg2000,3,4,0.0662471227008316,0.533182490853273,0.14897352,0.21772247,19.094114
trolley,jpeg2000,3,5,0.00965088605847038,0.763933002565875,0.36806033,0.31134631,40.124081
trolley,fnoise,4,1,0.0587977997389331,0.0671507441976277,0.00565596,0.01269892,4.175072
trolley,fnoise,4,2,0.15164915853095906,0.293905268946695,0.02374576,0.04413327,8.198555
trolley,fnoise,4,3,0.0851598328934158,0.432026177518824,0.06772451,0.10284801,13.431551999999998
trolley,fnoise,4,4,0.11927881990615402,0.586491904098515,0.16047649,0.18763770000000002,25.624401000000002
trolley,fnoise,4,5,0.0651435909927992,0.7009579402713549,0.33774201,0.29687587,35.733299
trolley,BLUR,5,1,0.0103895399098391,0.0363536542259074,0.00201866,0.00360474,1.5580379999999998
trolley,BLUR,5,2,0.100097321870754,0.115158120321656,0.00731118,0.01252327,2.9234880000000003
trolley,BLUR,5,3,0.0995156461626944,0.229824936179659,0.02342716,0.04026345,5.042014
trolley,BLUR,5,4,0.0765625501002658,0.406962733424207,0.07450437,0.11152432,9.296019
trolley,BLUR,5,5,0.0791548304353173,0.605860318238264,0.25619924,0.24492825,28.256759999999996
trolley,contrast,6,1,0.0745814230028613,0.0560030596163454,0.0110303,0.03258394,7.794046000000001
trolley,contrast,6,2,0.0830409673681629,0.214994768851624,0.07018973,0.07819855,17.72695
trolley,contrast,6,3,0.109089145292621,0.433001717020459,0.38135926,0.21950674,39.313697999999995
trolley,contrast,6,4,0.102787324136871,0.497138030326945,0.58132944,0.28831393,48.806614
turtle,AWGN,1,1,0.0064169685537723,0.0199805325428004,0.00513054,0.047936400000000004,2.5808
turtle,AWGN,1,2,0.0553724323657364,0.119220075838745,0.01826313,0.13322566,4.406203
turtle,AWGN,1,3,0.103627316274871,0.198714856099124,0.04955827,0.25536805,7.509542999999999
turtle,AWGN,1,4,0.0855684009043322,0.329354561201962,0.11459441,0.38442669,12.637251
turtle,AWGN,1,5,0.0891071806760806,0.435648546212636,0.22818972,0.49692489,16.860699
turtle,JPEG,2,1,0.0022449357038695893,0.015466592960700003,0.00333171,0.03850998,2.3540520000000003
turtle,JPEG,2,2,0.0267866847295782,0.12871853965252802,0.02379851,0.08347655,7.426937
turtle,JPEG,2,3,0.103207200394459,0.488429572780311,0.10954875,0.17208975,14.970545999999999
turtle,JPEG,2,4,0.0742135416864202,0.689535473687877,0.26319869,0.22469153,32.142281
turtle,JPEG,2,5,0.0850179894874006,0.775016139700374,0.35051579,0.27511746,36.268459
turtle,jpeg2000,3,1,0.00336976573810026,0.00197196214387759,0.00763534,0.05318767,3.7951349999999997
turtle,jpeg2000,3,2,0.0826251359186742,0.16211561669236998,0.03075022,0.07958073,10.572628
turtle,jpeg2000,3,3,0.0558065774783644,0.531664569671705,0.10031425,0.14729088,25.989326000000002
turtle,jpeg2000,3,4,0.0514033572291778,0.802320260064833,0.28786165,0.25079419,105.76649499999999
turtle,jpeg2000,3,5,0.00058383276843497,0.984200363363904,0.59474488,0.37657263,167.241272
turtle,fnoise,4,1,0.0568725420315068,0.0388175837549923,0.01034173,0.02376905,5.276737000000001
turtle,fnoise,4,2,0.0738509520701442,0.172603085819923,0.03763244,0.0730186,7.751438
turtle,fnoise,4,3,0.0945450316110691,0.344785926830886,0.11372596,0.17711287,16.685434
turtle,fnoise,4,4,0.0738016748459889,0.5383839936617879,0.27455007,0.3224973,26.252701000000002
turtle,fnoise,4,5,0.0498118920260255,0.653116797748971,0.57781805,0.47729707,43.07724
turtle,BLUR,5,1,0.0667081886854644,0.0604549534465371,0.00397523,0.02396188,3.410957
turtle,BLUR,5,2,0.0794370048838377,0.234857131241973,0.01734932,0.06334572,9.094101
turtle,BLUR,5,3,0.0731317096002124,0.518087722021036,0.07479846,0.13536347,43.626315999999996
turtle,BLUR,5,4,0.0412183539715374,0.7474646826271429,0.25900842,0.24610676,149.582199
turtle,BLUR,5,5,0.0370608210567408,0.932887530718029,0.57840822,0.36604176,164.572495
turtle,contrast,6,1,0.0614222641755055,0.0792460630955593,0.00631272,0.05665094,6.8989009999999995
turtle,contrast,6,2,0.112789810481916,0.19889158324490905,0.04265875,0.10255339,16.83077
turtle,contrast,6,3,0.12675398248504802,0.40658785474533,0.2025145,0.20558864,42.980389
turtle,contrast,6,4,0.11188954324287402,0.554236020133018,0.36697189,0.29855961,66.594162
veggies,AWGN,1,1,0.0237652152255893,0.017591866904661,0.00263894,0.03590497,3.21619
veggies,AWGN,1,2,0.0898429575670539,0.0984507189495092,0.00885039,0.10567891,5.60363
veggies,AWGN,1,3,0.13226945373813198,0.21359595465194606,0.0279901,0.24495129,10.356556
veggies,AWGN,1,4,0.178592029458588,0.346755751773103,0.0770058,0.38024291,17.92136
veggies,AWGN,1,5,0.190171905882284,0.47245852289531,0.18125575,0.4777933,31.324972
veggies,JPEG,2,1,0.0456280968453274,0.0375523065372838,0.00058999,0.00948431,2.275783
veggies,JPEG,2,2,0.07329045690887401,0.107660648774051,0.00437109,0.02817735,4.186439
veggies,JPEG,2,3,0.10149931868796302,0.229409629971185,0.02562805,0.07672569,10.011384
veggies,JPEG,2,4,0.150613537679707,0.589820819414526,0.17074894,0.27954468,22.393629
veggies,JPEG,2,5,0.0257818328357898,0.730394316600028,0.34734074,0.29515606,46.330349
veggies,jpeg2000,3,1,0.0617481127012151,0.0451029040725668,0.00245389,0.01487226,2.265142
veggies,jpeg2000,3,2,0.126850236513912,0.114307584057265,0.01171032,0.03960585,4.8714830000000005
veggies,jpeg2000,3,3,0.16985589532029402,0.317298064374242,0.0482415,0.09535692,9.144805
veggies,jpeg2000,3,4,0.0729325516810024,0.547713050585858,0.18114191,0.21630485,26.175255
veggies,jpeg2000,3,5,0.028406512582103,0.771945895121347,0.54836376,0.36607219,87.19326
veggies,fnoise,4,1,0.0815338210989917,0.0645482074543482,0.00511116,0.03187065,5.506191
veggies,fnoise,4,2,0.118612658623515,0.202910171426747,0.02057977,0.10567922,15.944537
veggies,fnoise,4,3,0.141245972666458,0.3710826918010139,0.06321935,0.19372101,26.278736
veggies,fnoise,4,4,0.0246560311568276,0.600193997711785,0.17979453,0.32045193,47.632244
veggies,fnoise,4,5,0.009149581341215893,0.6830205831953791,0.41063029,0.44811366,70.892464
veggies,BLUR,5,1,0.0269745532143758,0.0564442368372793,0.00262156,0.00525659,2.729029
veggies,BLUR,5,2,0.118765315812156,0.20628515174046494,0.00991742,0.02064473,4.884409
veggies,BLUR,5,3,0.106688204514787,0.34889888654683193,0.03761685,0.06922636,8.316813
veggies,BLUR,5,4,0.0807556641968871,0.52139815630158,0.13083788,0.17054635,20.827123999999998
veggies,BLUR,5,5,0.0303696206226038,0.718836319599057,0.47605190000000003,0.32614390000000004,101.03471400000001
veggies,contrast,6,1,0.0206602359714278,0.0555481652351385,0.00631483,0.19238323,8.958347
veggies,contrast,6,2,0.119263479627595,0.20282257585730806,0.03987794,0.29381788,20.256432999999998
veggies,contrast,6,3,0.17094287721487306,0.331716164702108,0.22519299,0.40026389,37.137394
veggies,contrast,6,4,0.178267049858577,0.38533329775698,0.33968043,0.44112949,42.492287
woman,AWGN,1,1,0.0495479124568327,0.0518405625876962,0.0042355,0.03216267,2.075573
woman,AWGN,1,2,0.113480914180095,0.197147497513164,0.01485286,0.09163796,3.693114
woman,AWGN,1,3,0.111819754635576,0.28861599418339395,0.04147057,0.1802908,6.002577
woman,AWGN,1,4,0.14071668659214598,0.4091034931144629,0.09732527,0.28581402,9.014353999999999
woman,AWGN,1,5,0.12260295049721197,0.48983047472581,0.19335133,0.38902103,13.965048000000001
woman,JPEG,2,1,0.0418307891543197,0.0311991886442837,0.00160306,0.01591202,1.261033
woman,JPEG,2,2,0.112133270335652,0.118714628750376,0.01086005,0.05294411,2.837255
woman,JPEG,2,3,0.112106906434445,0.34831844488432506,0.06280126,0.12995583,8.624974
woman,JPEG,2,4,0.137620690193073,0.621443009464117,0.19355448,0.23605119,18.041764999999998
woman,JPEG,2,5,0.0496398911370886,0.782590489035621,0.55901015,0.38598671,57.063053000000004
woman,jpeg2000,3,1,0.0152896147080387,0.0420227830137869,0.00433889,0.02764682,2.3997669999999998
woman,jpeg2000,3,2,0.0391215222548568,0.12153724933200097,0.02109596,0.06890906,4.5320279999999995
woman,jpeg2000,3,3,0.151081100210454,0.403444338522904,0.08916844,0.14760639,15.050113
woman,jpeg2000,3,4,0.113249464359019,0.641080236925575,0.30603619,0.29639314,37.443626
woman,jpeg2000,3,5,0.0,0.8966135338172171,0.99627469,0.47731983,114.847603
woman,fnoise,4,1,0.144081544015659,0.0987056260146676,0.00874814,0.01747616,5.4968379999999994
woman,fnoise,4,2,0.120431193577663,0.26238781645277304,0.03005832,0.05089263,10.106536
woman,fnoise,4,3,0.163451691563521,0.490339473126831,0.09094739,0.12203474,14.884623999999999
woman,fnoise,4,4,0.141989629075659,0.6380114314070179,0.23213392,0.23278939,24.699907
woman,fnoise,4,5,0.117640459610861,0.74191988064401,0.49639914,0.36417836,36.613811
woman,BLUR,5,1,0.075481164892194,0.0864397272238223,0.00404978,0.0105152,1.728791
woman,BLUR,5,2,0.0641957177056192,0.19805297524303,0.01690654,0.04038523,4.0365720000000005
woman,BLUR,5,3,0.153723098643153,0.419918055531188,0.06443642,0.11482173,9.868188
woman,BLUR,5,4,0.0975060659989705,0.616310440064219,0.25962499,0.26651047,49.204639
woman,BLUR,5,5,0.0234880515376884,0.8339201364401241,0.94754946,0.45512470000000005,143.82759099999998
woman,contrast,6,1,0.0989103410217394,0.0683545728540736,0.00985208,0.04645303,5.833324
woman,contrast,6,2,0.0909480516713593,0.172780137321624,0.06253334,0.09505164,14.619735999999998
woman,contrast,6,3,0.188155860447527,0.40934169222035294,0.32424696,0.22773349,35.768887
woman,contrast,6,4,0.22565165342246,0.468556455134406,0.50970811,0.29994366,46.445759
