refnames_all,orgs,dist_img,dst_type,dmos_std,dmos_new
studentsculpture.bmp,0,img2.bmp,jp2k,1.6294556597749836,15.512954417537028
rapids.bmp,0,img3.bmp,jp2k,1.7384717298751982,24.09025497677203
dancers.bmp,0,img4.bmp,jp2k,2.6202145100126977,68.99086164929872
churchandcapitol.bmp,0,img5.bmp,jp2k,2.1280246055850447,74.39794796497739
dancers.bmp,0,img6.bmp,jp2k,2.4234375332095834,69.2292141708657
churchandcapitol.bmp,0,img7.bmp,jp2k,2.2871613424573773,53.57873192014601
stream.bmp,0,img8.bmp,jp2k,2.9727376233002434,39.37667556675135
woman.bmp,0,img10.bmp,jp2k,1.8976515719886171,43.42259860497224
sailing3.bmp,0,img12.bmp,jp2k,2.8491496202582303,34.802951811201964
buildings.bmp,0,img13.bmp,jp2k,1.9798755741482426,46.684096124058215
paintedhouse.bmp,0,img14.bmp,jp2k,2.89653390984239,45.67949064903939
bikes.bmp,0,img15.bmp,jp2k,2.0934379590624377,12.692083542828541
stream.bmp,0,img17.bmp,jp2k,2.3035207833041254,65.23107378633902
carnivaldolls.bmp,0,img18.bmp,jp2k,2.1281480218326507,29.39224918059548
sailing1.bmp,0,img19.bmp,jp2k,1.7382838028873744,3.8890621428635583
coinsinfountain.bmp,0,img21.bmp,jp2k,2.415602535276761,22.461157863083844
woman.bmp,0,img23.bmp,jp2k,2.204276955827919,35.59966912005858
manfishing.bmp,0,img26.bmp,jp2k,1.5336433982143336,11.714566786308875
house.bmp,0,img27.bmp,jp2k,2.3058602871669107,48.4017211733363
coinsinfountain.bmp,0,img28.bmp,jp2k,1.9975010620796416,70.94908661426099
buildings.bmp,0,img29.bmp,jp2k,1.6382322934715163,63.644935917203554
building2.bmp,0,img30.bmp,jp2k,1.581241601321203,75.20085071703139
ocean.bmp,0,img31.bmp,jp2k,1.748306014038223,23.258787473568603
rapids.bmp,0,img32.bmp,jp2k,1.8805085144937823,76.28674666689452
buildings.bmp,0,img33.bmp,jp2k,1.8497706238989116,52.785636451117234
studentsculpture.bmp,0,img34.bmp,jp2k,1.669838891269479,8.613511703300915
ocean.bmp,0,img37.bmp,jp2k,2.534981040961189,25.854249036910815
sailing3.bmp,0,img38.bmp,jp2k,1.6871542451208674,65.85757417524141
sailing4.bmp,0,img39.bmp,jp2k,2.345051667857986,26.960368393676966
paintedhouse.bmp,0,img40.bmp,jp2k,2.4115967331354446,75.7811284764878
building2.bmp,0,img41.bmp,jp2k,1.9699127089403106,43.696253511551454
womanhat.bmp,0,img42.bmp,jp2k,1.6834654914668363,54.17424655185858
sailing1.bmp,0,img43.bmp,jp2k,2.210567083711034,67.6967798207526
flowersonih35.bmp,0,img44.bmp,jp2k,2.7263041160692696,71.61970727692339
churchandcapitol.bmp,0,img45.bmp,jp2k,2.5828698184102787,74.14564153374137
cemetry.bmp,0,img46.bmp,jp2k,2.0347093381371795,73.09174201136065
house.bmp,0,img47.bmp,jp2k,2.3128767906360443,48.08894690810563
cemetry.bmp,0,img48.bmp,jp2k,1.8648146563915367,77.32511548366256
caps.bmp,0,img49.bmp,jp2k,2.372541157742341,13.501078103650578
lighthouse.bmp,0,img51.bmp,jp2k,1.8852576810953185,20.52307378942626
sailing4.bmp,0,img52.bmp,jp2k,2.6590215768236503,51.011385213379874
plane.bmp,0,img53.bmp,jp2k,2.5765818471127178,62.47597192836157
sailing2.bmp,0,img55.bmp,jp2k,3.08598252270823,46.03974281634614
monarch.bmp,0,img56.bmp,jp2k,2.5946780154648166,41.28402576683269
plane.bmp,0,img58.bmp,jp2k,2.293305808640885,5.651469652190897
sailing2.bmp,0,img59.bmp,jp2k,1.7047262519099886,10.109294080950896
studentsculpture.bmp,0,img60.bmp,jp2k,2.0413714574914246,63.376792364010086
monarch.bmp,0,img61.bmp,jp2k,2.64991255200665,21.45709519844654
sailing2.bmp,0,img62.bmp,jp2k,1.4581884882202256,6.320751746555565
manfishing.bmp,0,img63.bmp,jp2k,2.2640576624871542,30.07521146577485
dancers.bmp,0,img65.bmp,jp2k,1.6169172127679154,82.98273370788652
caps.bmp,0,img68.bmp,jp2k,2.665264261608864,24.82662376759264
ocean.bmp,0,img69.bmp,jp2k,1.7423359627583637,5.909674455410709
stream.bmp,0,img71.bmp,jp2k,2.226784365003649,80.121282737048
lighthouse2.bmp,0,img74.bmp,jp2k,2.1836601240947577,52.08982994049394
womanhat.bmp,0,img75.bmp,jp2k,1.7855426601282673,11.035277608283096
coinsinfountain.bmp,0,img77.bmp,jp2k,1.7103334644737602,12.523344239786702
bikes.bmp,0,img78.bmp,jp2k,1.9836351092391096,30.57070176854073
carnivaldolls.bmp,0,img79.bmp,jp2k,1.6392524977456093,79.16743675958445
house.bmp,0,img80.bmp,jp2k,2.572737546434337,20.56698474721343
rapids.bmp,0,img81.bmp,jp2k,1.777116388196908,44.74511025359578
paintedhouse.bmp,0,img82.bmp,jp2k,2.0920966720812957,11.339054336612762
caps.bmp,0,img83.bmp,jp2k,2.624627634453675,42.36932036075071
parrots.bmp,0,img85.bmp,jp2k,2.4495771438577276,18.563119639992887
flowersonih35.bmp,0,img86.bmp,jp2k,3.0818774275371803,76.23532996373504
sailing1.bmp,0,img88.bmp,jp2k,1.7911191371788184,66.04417836262544
sailing4.bmp,0,img90.bmp,jp2k,1.242815142725972,11.324709943682542
lighthouse.bmp,0,img91.bmp,jp2k,2.2882016663254263,48.72445543811661
statue.bmp,0,img92.bmp,jp2k,2.023303204131381,36.651332405233276
manfishing.bmp,0,img94.bmp,jp2k,2.746299163838925,30.248805104886298
parrots.bmp,0,img96.bmp,jp2k,1.8398196241604952,32.25567981412338
cemetry.bmp,0,img98.bmp,jp2k,2.359314266888291,42.538558970763944
womanhat.bmp,0,img99.bmp,jp2k,1.8988332171492361,50.18890942469288
parrots.bmp,0,img101.bmp,jp2k,2.573830473381816,10.234730985641715
statue.bmp,0,img102.bmp,jp2k,1.7475430707025277,6.724372369964854
lighthouse2.bmp,0,img103.bmp,jp2k,1.7457574719224596,10.088204403320535
woman.bmp,0,img104.bmp,jp2k,2.8738845802987463,46.68236218261797
monarch.bmp,0,img105.bmp,jp2k,1.502395833867887,7.557459980934176
lighthouse.bmp,0,img106.bmp,jp2k,1.833030331651834,48.61615667390731
building2.bmp,0,img107.bmp,jp2k,1.5312084849700591,79.84747926885252
carnivaldolls.bmp,0,img108.bmp,jp2k,2.5969207453125294,43.66138899674546
sailing3.bmp,0,img109.bmp,jp2k,2.231198812660149,35.73735899461327
flowersonih35.bmp,0,img111.bmp,jp2k,2.2088466134765588,15.82182560398103
plane.bmp,0,img113.bmp,jp2k,1.8290363408434827,12.564926162224069
lighthouse2.bmp,0,img114.bmp,jp2k,1.8941454247335372,12.80273252847908
bikes.bmp,0,img115.bmp,jp2k,1.9142334124592446,67.09045174168914
statue.bmp,0,img116.bmp,jp2k,2.208465826879465,46.92014897186908
ocean.bmp,0,img120.bmp,jp2k,2.5144703347394013,40.33848092661777
manfishing.bmp,0,img121.bmp,jp2k,2.169018040789497,91.37246032042904
caps.bmp,0,img122.bmp,jp2k,2.24235949316875,58.55909813379443
carnivaldolls.bmp,0,img124.bmp,jp2k,2.824871360866682,52.154629253222005
cemetry.bmp,0,img125.bmp,jp2k,2.2087475131800747,25.72392003888736
rapids.bmp,0,img126.bmp,jp2k,2.4122139735474715,10.712712959196345
parrots.bmp,0,img127.bmp,jp2k,2.678992775011636,74.95826410045794
bikes.bmp,0,img129.bmp,jp2k,2.6084994060170716,15.242823326616556
sailing3.bmp,0,img130.bmp,jp2k,2.25375359883815,42.497069418167996
building2.bmp,0,img132.bmp,jp2k,2.729292865537815,22.538784832597898
bikes.bmp,0,img133.bmp,jp2k,2.8755512077157013,40.04985108989743
rapids.bmp,0,img135.bmp,jp2k,1.9833464296340195,84.91378457435593
sailing1.bmp,0,img136.bmp,jp2k,2.9167533022822263,33.81064694785772
lighthouse2.bmp,0,img137.bmp,jp2k,2.921668026025761,60.61338357551887
sailing2.bmp,0,img138.bmp,jp2k,2.8310927377124657,56.3267477648128
sailing2.bmp,0,img141.bmp,jp2k,2.2087697469289402,6.153192300554039
studentsculpture.bmp,0,img142.bmp,jp2k,3.033969902950827,43.99770274794575
manfishing.bmp,0,img143.bmp,jp2k,2.265223744456852,44.77638094880946
house.bmp,0,img144.bmp,jp2k,2.7707040555151274,65.45198981342284
rapids.bmp,0,img146.bmp,jp2k,1.8585286894749689,56.161238884900456
carnivaldolls.bmp,0,img148.bmp,jp2k,2.079414261881199,11.46973848743795
lighthouse.bmp,0,img149.bmp,jp2k,1.9944730060503983,33.11179598113043
woman.bmp,0,img150.bmp,jp2k,2.1909071175260126,5.325990809336403
woman.bmp,0,img152.bmp,jp2k,1.7775709667424602,62.74881178263061
sailing3.bmp,0,img154.bmp,jp2k,3.257713213787017,68.53124109916048
woman.bmp,0,img155.bmp,jp2k,2.6896936733617145,81.40061954776587
buildings.bmp,0,img156.bmp,jp2k,2.892206801101394,71.45072855297293
parrots.bmp,0,img158.bmp,jp2k,1.8512848410963514,62.580036080726586
monarch.bmp,0,img160.bmp,jp2k,3.859535402129447,58.753804200609366
statue.bmp,0,img162.bmp,jp2k,2.244937028873685,12.158282195710306
building2.bmp,0,img163.bmp,jp2k,2.363845921397348,49.973083632723416
lighthouse2.bmp,0,img164.bmp,jp2k,2.724941887410696,27.12291262526799
dancers.bmp,0,img165.bmp,jp2k,2.931759584785287,31.170624384086207
flowersonih35.bmp,0,img167.bmp,jp2k,2.7289881736282706,53.28198369850484
coinsinfountain.bmp,0,img168.bmp,jp2k,2.869985394474523,53.17519436960078
statue.bmp,0,img169.bmp,jp2k,2.3338597822997187,62.921171333425676
dancers.bmp,0,img170.bmp,jp2k,2.8854261099779577,50.18659635541299
studentsculpture.bmp,0,img171.bmp,jp2k,3.4214722909827726,22.217464309979974
sailing4.bmp,0,img172.bmp,jp2k,3.000341728921187,85.01806693016354
plane.bmp,0,img173.bmp,jp2k,2.522233999398049,19.91475165122249
lighthouse.bmp,0,img174.bmp,jp2k,2.4606903572154666,8.059516033306664
stream.bmp,0,img175.bmp,jp2k,2.790331469036455,85.48562881018705
churchandcapitol.bmp,0,img176.bmp,jp2k,2.5458538330357157,27.91393339154686
coinsinfountain.bmp,0,img177.bmp,jp2k,2.8673492624018753,79.87842062142371
cemetry.bmp,0,img178.bmp,jp2k,3.0885492561240735,57.3881566885844
house.bmp,0,img179.bmp,jp2k,2.051839755141803,85.22814758598726
carnivaldolls.bmp,0,img181.bmp,jp2k,2.757412592711968,85.99580545278485
coinsinfountain.bmp,0,img182.bmp,jp2k,3.5089737748520426,40.35229915118953
sailing3.bmp,0,img183.bmp,jp2k,1.7952320623914535,6.9169396698473875
sailing2.bmp,0,img185.bmp,jp2k,2.0271158682306583,14.884889320853098
house.bmp,0,img187.bmp,jp2k,2.22757927880343,29.918572366378623
womanhat.bmp,0,img191.bmp,jp2k,2.703796495586783,78.15701680889988
flowersonih35.bmp,0,img192.bmp,jp2k,2.93260706818572,36.783046895916954
caps.bmp,0,img193.bmp,jp2k,3.8848380191852003,64.20563602792637
churchandcapitol.bmp,0,img194.bmp,jp2k,2.5767816056812665,71.78425770359317
womanhat.bmp,0,img195.bmp,jp2k,1.6038702563726814,5.069478056203863
paintedhouse.bmp,0,img196.bmp,jp2k,3.0469817898643132,62.73568208890111
parrots.bmp,0,img197.bmp,jp2k,3.3931978381791197,46.32614968909792
churchandcapitol.bmp,0,img198.bmp,jp2k,1.9635706188510489,9.471745688649861
buildings.bmp,0,img199.bmp,jp2k,1.7477945195712756,5.003953255961413
manfishing.bmp,0,img200.bmp,jp2k,2.653921421113447,68.36853015382121
flowersonih35.bmp,0,img201.bmp,jp2k,2.911160379923063,91.08313008268817
lighthouse.bmp,0,img202.bmp,jp2k,2.879982885425998,75.76154338417216
plane.bmp,0,img203.bmp,jp2k,2.9491151030026503,41.031767097846874
dancers.bmp,0,img205.bmp,jp2k,3.4900234871538274,12.300226616537323
monarch.bmp,0,img208.bmp,jp2k,3.785904457303732,48.46820552061156
paintedhouse.bmp,0,img210.bmp,jp2k,2.633904413720648,26.665408082124756
lighthouse2.bmp,0,img211.bmp,jp2k,1.7101969632604894,7.205306730310632
house.bmp,0,img212.bmp,jp2k,1.6260179423028869,5.5443651518750485
sailing1.bmp,0,img213.bmp,jp2k,2.802598234737501,76.06673091499994
sailing1.bmp,0,img214.bmp,jp2k,2.2179315446564023,7.692346791817002
paintedhouse.bmp,0,img215.bmp,jp2k,2.423414351017992,73.31007213059178
building2.bmp,0,img216.bmp,jp2k,2.4773827058171207,12.116677268629225
stream.bmp,0,img217.bmp,jp2k,2.353186873596618,10.13926391720382
studentsculpture.bmp,0,img218.bmp,jp2k,3.811279498083092,67.96320399587412
ocean.bmp,0,img219.bmp,jp2k,2.9609792853145285,72.24909155691115
plane.bmp,0,img220.bmp,jp2k,2.5641522029401402,70.83986290434613
sailing4.bmp,0,img221.bmp,jp2k,2.2246402940534207,64.72585217139644
buildings.bmp,0,img222.bmp,jp2k,2.8937260119214416,31.27751399241848
bikes.bmp,0,img225.bmp,jp2k,2.3272478939092793,82.73289778928405
womanhat.bmp,0,img226.bmp,jp2k,2.1715936918996186,55.520005193382154
statue.bmp,0,img227.bmp,jp2k,2.804051036657024,70.88031632329827
womanhat.bmp,0,img1.bmp,jpeg,2.8697739830451456,52.92435457391395
churchandcapitol.bmp,0,img2.bmp,jpeg,3.273726314128311,33.28319804594844
churchandcapitol.bmp,0,img4.bmp,jpeg,2.184182829572506,87.8267449661924
ocean.bmp,0,img8.bmp,jpeg,2.6446998758866136,14.344775300339105
rapids.bmp,0,img9.bmp,jpeg,2.6236433986699867,59.74032431349464
statue.bmp,0,img11.bmp,jpeg,2.8824873903994237,53.951334760512935
statue.bmp,0,img13.bmp,jpeg,3.261394183877893,-0.1946068687639695
carnivaldolls.bmp,0,img14.bmp,jpeg,1.7776278919992186,4.326856120694956
sailing4.bmp,0,img15.bmp,jpeg,4.030891839187029,41.36730112939379
stream.bmp,0,img16.bmp,jpeg,5.366524870664442,47.80251084716316
plane.bmp,0,img17.bmp,jpeg,2.6006946622051887,4.495168881480339
monarch.bmp,0,img18.bmp,jpeg,3.2291435448165497,47.285871717563985
churchandcapitol.bmp,0,img21.bmp,jpeg,3.042793204234477,50.1232463479616
paintedhouse.bmp,0,img23.bmp,jpeg,1.7452054819025948,79.95944789006504
caps.bmp,0,img24.bmp,jpeg,3.5777632349569437,12.56494613089226
plane.bmp,0,img25.bmp,jpeg,3.033767654839691,35.4156346289015
flowersonih35.bmp,0,img27.bmp,jpeg,2.9164474086462295,34.31539467108672
bikes.bmp,0,img29.bmp,jpeg,2.222673153822281,63.690729469898855
ocean.bmp,0,img30.bmp,jpeg,1.3527374543391228,6.601376948035167
parrots.bmp,0,img32.bmp,jpeg,2.899760663371106,33.49425871523598
manfishing.bmp,0,img33.bmp,jpeg,3.067736950102083,42.614722076241115
rapids.bmp,0,img35.bmp,jpeg,2.5071432342822457,75.29290636099799
building2.bmp,0,img36.bmp,jpeg,3.1019404541242093,72.0575019048246
sailing4.bmp,0,img37.bmp,jpeg,2.2853597897375084,64.62638897500841
sailing3.bmp,0,img38.bmp,jpeg,2.702219642052051,18.02857959226172
dancers.bmp,0,img39.bmp,jpeg,3.409570236373633,50.40120766199397
plane.bmp,0,img40.bmp,jpeg,2.257680052582808,12.654106278200903
dancers.bmp,0,img41.bmp,jpeg,4.19826586140564,59.873965229834056
buildings.bmp,0,img43.bmp,jpeg,3.0781338576987416,41.47905246219578
lighthouse.bmp,0,img44.bmp,jpeg,2.6194324436690546,38.18877059392042
studentsculpture.bmp,0,img45.bmp,jpeg,3.284596770641428,34.439397588231365
cemetry.bmp,0,img46.bmp,jpeg,3.4871060159320875,72.81442149222269
sailing4.bmp,0,img47.bmp,jpeg,3.0073042395897875,48.528157253793196
coinsinfountain.bmp,0,img49.bmp,jpeg,2.505835919856646,32.754563027117996
house.bmp,0,img50.bmp,jpeg,2.8751390424864485,57.08857633912254
house.bmp,0,img51.bmp,jpeg,2.952813576030159,28.944995605272247
studentsculpture.bmp,0,img53.bmp,jpeg,2.9558738383581504,10.226303647528617
cemetry.bmp,0,img55.bmp,jpeg,2.1002603313548636,33.240480634782365
paintedhouse.bmp,0,img56.bmp,jpeg,3.074219335377136,32.00986641270259
lighthouse.bmp,0,img57.bmp,jpeg,1.8591223522497122,-2.6400150164096132
woman.bmp,0,img58.bmp,jpeg,2.185004363282337,10.554131539493454
studentsculpture.bmp,0,img59.bmp,jpeg,3.0575727852099313,33.58553766172936
building2.bmp,0,img60.bmp,jpeg,2.722625711100326,45.8290134752761
dancers.bmp,0,img61.bmp,jpeg,3.177472369632796,9.1741835265355
building2.bmp,0,img62.bmp,jpeg,3.5383029793830225,67.83771180597611
caps.bmp,0,img63.bmp,jpeg,3.8910247257236814,30.00260877004913
lighthouse2.bmp,0,img64.bmp,jpeg,2.6241126480364065,3.2142639437019938
woman.bmp,0,img65.bmp,jpeg,2.803615407414995,53.38597873417673
sailing2.bmp,0,img67.bmp,jpeg,2.638941570397618,21.662276200071243
lighthouse2.bmp,0,img69.bmp,jpeg,4.138204290624474,48.86921270308122
statue.bmp,0,img70.bmp,jpeg,2.7892618663817554,-0.12771347553550072
sailing1.bmp,0,img71.bmp,jpeg,3.163898810013688,16.917691044533527
parrots.bmp,0,img72.bmp,jpeg,2.155322084830696,12.004960528290617
coinsinfountain.bmp,0,img73.bmp,jpeg,3.2212269568235157,36.604170671940494
flowersonih35.bmp,0,img74.bmp,jpeg,3.053779340549586,5.51411590094478
house.bmp,0,img75.bmp,jpeg,3.3954877909580623,51.3960375162062
bikes.bmp,0,img77.bmp,jpeg,2.656321318748371,53.2796828380246
cemetry.bmp,0,img78.bmp,jpeg,4.172001262784754,72.32423365260935
flowersonih35.bmp,0,img79.bmp,jpeg,2.5940135058047225,89.53004585169111
carnivaldolls.bmp,0,img80.bmp,jpeg,2.9059702715219475,67.77811693105684
bikes.bmp,0,img81.bmp,jpeg,2.744179369385934,43.03955573949191
sailing3.bmp,0,img83.bmp,jpeg,3.357753382824215,28.507933641096496
buildings.bmp,0,img84.bmp,jpeg,2.7051009327246436,46.146808723433985
stream.bmp,0,img85.bmp,jpeg,4.154673534646397,64.18240178201884
lighthouse.bmp,0,img86.bmp,jpeg,2.4898168965574943,42.57624280517876
womanhat.bmp,0,img89.bmp,jpeg,2.264674913921824,36.284648557807834
buildings.bmp,0,img90.bmp,jpeg,2.478979249445216,42.04320025216914
paintedhouse.bmp,0,img91.bmp,jpeg,2.590186266581008,78.97568682896502
manfishing.bmp,0,img92.bmp,jpeg,3.467134337100712,48.37469886200194
manfishing.bmp,0,img93.bmp,jpeg,4.147144131494865,58.589684139333414
monarch.bmp,0,img94.bmp,jpeg,2.9211049918796785,14.62195076567486
monarch.bmp,0,img96.bmp,jpeg,2.3840279859047615,3.9212125972238567
lighthouse2.bmp,0,img97.bmp,jpeg,1.9502872541544571,5.308643571535107
ocean.bmp,0,img98.bmp,jpeg,2.957743526264003,19.871604986952033
sailing2.bmp,0,img99.bmp,jpeg,2.0669162028899035,42.27140041690989
stream.bmp,0,img100.bmp,jpeg,3.6578676381401944,81.2026938220347
coinsinfountain.bmp,0,img101.bmp,jpeg,3.0163844442524246,10.252515880885852
sailing1.bmp,0,img102.bmp,jpeg,2.940613305971161,14.726130517984881
parrots.bmp,0,img103.bmp,jpeg,3.467280802582761,37.78061796136218
carnivaldolls.bmp,0,img104.bmp,jpeg,2.2892371460477925,67.40278120147042
caps.bmp,0,img105.bmp,jpeg,3.169806532837332,33.96635629198161
sailing1.bmp,0,img106.bmp,jpeg,2.696096625271956,3.2197367648266635
womanhat.bmp,0,img107.bmp,jpeg,1.627468483273525,25.83817914298309
sailing3.bmp,0,img108.bmp,jpeg,3.700266441499402,53.61612003847755
rapids.bmp,0,img110.bmp,jpeg,3.058439180149158,40.313192795130504
sailing2.bmp,0,img111.bmp,jpeg,1.924140547998191,36.936772747192386
woman.bmp,0,img116.bmp,jpeg,2.7552669740337303,8.406881996436613
cemetry.bmp,0,img117.bmp,jpeg,2.600426091851612,24.492692678265385
dancers.bmp,0,img119.bmp,jpeg,2.781318877760069,36.46779215661733
house.bmp,0,img120.bmp,jpeg,1.9983014710773483,13.720589197831565
sailing1.bmp,0,img121.bmp,jpeg,3.729769060184537,46.661554457382735
sailing2.bmp,0,img124.bmp,jpeg,2.7476817331528682,91.8585232966015
caps.bmp,0,img126.bmp,jpeg,1.763389233040448,91.83072941409385
studentsculpture.bmp,0,img127.bmp,jpeg,2.383114540555449,90.06909938102645
cemetry.bmp,0,img128.bmp,jpeg,2.227041117454034,52.32392778595446
coinsinfountain.bmp,0,img129.bmp,jpeg,3.6827224155835903,76.55613665524052
statue.bmp,0,img130.bmp,jpeg,2.0010534892339966,11.018019466557469
lighthouse.bmp,0,img131.bmp,jpeg,1.9575808208464132,89.84228100588449
churchandcapitol.bmp,0,img132.bmp,jpeg,1.795554001395216,11.71563815997088
flowersonih35.bmp,0,img134.bmp,jpeg,3.7550403271468085,72.35535092106369
manfishing.bmp,0,img135.bmp,jpeg,2.9431631435016703,8.62310279882778
stream.bmp,0,img137.bmp,jpeg,2.353728560748593,9.808299742983458
womanhat.bmp,0,img138.bmp,jpeg,2.538169463837766,94.52975239220282
lighthouse2.bmp,0,img141.bmp,jpeg,3.299328133299746,14.731573993200833
ocean.bmp,0,img143.bmp,jpeg,2.4151567485142578,6.837113454327479
sailing2.bmp,0,img144.bmp,jpeg,2.4876598335159223,8.547930933970449
sailing3.bmp,0,img145.bmp,jpeg,2.4918778859861668,100.24091440063674
rapids.bmp,0,img146.bmp,jpeg,2.6621708940326743,26.185666958535705
house.bmp,0,img147.bmp,jpeg,2.435099812407334,100.91708991281492
manfishing.bmp,0,img148.bmp,jpeg,3.2862535269716924,92.90511853394918
parrots.bmp,0,img149.bmp,jpeg,2.121779676353792,63.46863408758387
woman.bmp,0,img150.bmp,jpeg,3.357454103639275,27.261974430150573
house.bmp,0,img151.bmp,jpeg,2.823710401165441,8.066866303180433
paintedhouse.bmp,0,img152.bmp,jpeg,3.9896374303903808,55.04442894789427
womanhat.bmp,0,img154.bmp,jpeg,2.0292793308312116,97.50877362944289
ocean.bmp,0,img156.bmp,jpeg,2.9762754362816874,59.64918850292218
buildings.bmp,0,img157.bmp,jpeg,1.527514614195095,13.703159478546446
caps.bmp,0,img159.bmp,jpeg,2.8002934998489564,91.34350033825854
house.bmp,0,img160.bmp,jpeg,2.6854640623452153,95.5184845722614
lighthouse.bmp,0,img161.bmp,jpeg,2.3238862899623713,90.43420904041339
buildings.bmp,0,img162.bmp,jpeg,2.875596952361634,88.14234661943546
buildings.bmp,0,img163.bmp,jpeg,2.708679328961954,28.821989373974375
ocean.bmp,0,img164.bmp,jpeg,3.252259841939146,108.77257436149551
plane.bmp,0,img165.bmp,jpeg,2.7045841028122153,58.335170619177745
sailing4.bmp,0,img166.bmp,jpeg,3.2134248616009917,95.0385986077363
woman.bmp,0,img167.bmp,jpeg,3.3343271183336856,75.99002346051728
womanhat.bmp,0,img168.bmp,jpeg,1.9453193002931417,11.312092615683753
monarch.bmp,0,img170.bmp,jpeg,2.5458489316222734,83.55329291418636
building2.bmp,0,img171.bmp,jpeg,2.3673980657691747,18.143107738796367
manfishing.bmp,0,img174.bmp,jpeg,3.0611349191629764,19.465821038563057
sailing1.bmp,0,img175.bmp,jpeg,4.153532408677105,70.50244384897171
carnivaldolls.bmp,0,img176.bmp,jpeg,1.9280346963119803,90.00784725087408
sailing2.bmp,0,img177.bmp,jpeg,2.712463873321741,89.89062469317183
monarch.bmp,0,img178.bmp,jpeg,2.3253639253337752,25.222785826131556
studentsculpture.bmp,0,img180.bmp,jpeg,2.2952102592918444,91.24663994961543
lighthouse2.bmp,0,img181.bmp,jpeg,2.3373325819894406,78.16782270134613
bikes.bmp,0,img183.bmp,jpeg,2.148762577910232,84.88609788754106
coinsinfountain.bmp,0,img184.bmp,jpeg,1.870055366270666,92.52520895124621
stream.bmp,0,img185.bmp,jpeg,3.3389693079266247,26.71821304692204
dancers.bmp,0,img186.bmp,jpeg,2.427177241340075,89.23441705756257
dancers.bmp,0,img187.bmp,jpeg,3.122099047182516,91.61747826509418
bikes.bmp,0,img188.bmp,jpeg,2.3138950471044137,83.03358943312271
building2.bmp,0,img192.bmp,jpeg,2.495499466447168,93.03653291816838
ocean.bmp,0,img194.bmp,jpeg,2.920539651433121,34.60644513743412
churchandcapitol.bmp,0,img195.bmp,jpeg,3.004802309924213,97.24677520689923
parrots.bmp,0,img196.bmp,jpeg,3.530999116600826,91.590670464724
sailing4.bmp,0,img197.bmp,jpeg,2.4302278823435812,94.63456567363843
flowersonih35.bmp,0,img198.bmp,jpeg,3.4326507971785305,16.644122962021108
rapids.bmp,0,img199.bmp,jpeg,3.010656253374724,95.80804387069
studentsculpture.bmp,0,img200.bmp,jpeg,3.861012216061926,63.30761338204381
plane.bmp,0,img201.bmp,jpeg,2.5338354601096844,88.92048271630968
bikes.bmp,0,img203.bmp,jpeg,3.3100012717591154,28.5502551905385
buildings.bmp,0,img204.bmp,jpeg,2.6223910575482887,89.6422329700044
building2.bmp,0,img205.bmp,jpeg,3.5866830559363096,88.2209328213845
sailing3.bmp,0,img206.bmp,jpeg,1.9516924177633803,11.739931694595015
caps.bmp,0,img207.bmp,jpeg,2.00661782807615,70.02463837460913
monarch.bmp,0,img209.bmp,jpeg,2.9582044167902493,88.77366918617133
sailing1.bmp,0,img210.bmp,jpeg,3.633824602201884,97.42810231821008
cemetry.bmp,0,img213.bmp,jpeg,2.71759397282532,85.98716482193281
sailing4.bmp,0,img214.bmp,jpeg,2.2876609881780743,14.430548416582262
paintedhouse.bmp,0,img215.bmp,jpeg,3.1397048108468253,102.70082156574153
carnivaldolls.bmp,0,img216.bmp,jpeg,2.5633916960614163,20.934069322543586
stream.bmp,0,img217.bmp,jpeg,2.2720253728990247,101.27286341299555
statue.bmp,0,img218.bmp,jpeg,2.137200831784356,92.65269870718299
woman.bmp,0,img220.bmp,jpeg,2.987829456438813,88.66925863108538
statue.bmp,0,img221.bmp,jpeg,1.8556038518340194,93.81353439730438
sailing3.bmp,0,img223.bmp,jpeg,2.385012008541453,99.9719981674867
building2.bmp,0,img225.bmp,jpeg,3.7385095442620386,32.713131566176116
bikes.bmp,0,img226.bmp,jpeg,2.537242432762228,17.78062954880489
paintedhouse.bmp,0,img228.bmp,jpeg,3.7257355523891476,15.783100447893545
flowersonih35.bmp,0,img229.bmp,jpeg,2.523675875472376,73.10480214469187
coinsinfountain.bmp,0,img230.bmp,jpeg,2.175690573590204,90.8843446287281
lighthouse.bmp,0,img231.bmp,jpeg,2.4697323175748815,13.033490455438155
lighthouse2.bmp,0,img232.bmp,jpeg,2.353273195234952,93.19974618228805
parrots.bmp,0,img233.bmp,jpeg,2.607069902500553,87.78082391853036
monarch.bmp,0,img1.bmp,wn,2.6419880473591713,29.04653971785669
stream.bmp,0,img2.bmp,wn,2.6114130835303664,64.7619409950328
womanhat.bmp,0,img3.bmp,wn,2.639249328610328,44.78193070765691
buildings.bmp,0,img4.bmp,wn,1.1782810412466813,105.36416799729716
sailing3.bmp,0,img5.bmp,wn,1.9877201014467054,18.148429410111873
lighthouse2.bmp,0,img6.bmp,wn,2.8355189278797015,28.91034396173228
woman.bmp,0,img7.bmp,wn,2.609730220554104,67.62651762533173
coinsinfountain.bmp,0,img8.bmp,wn,2.5417278474037706,15.537140817336706
cemetry.bmp,0,img9.bmp,wn,2.3904758879775834,63.02744749154707
plane.bmp,0,img10.bmp,wn,2.7237104552948384,33.4482460351677
womanhat.bmp,0,img11.bmp,wn,2.5623028561720407,23.03858179465982
sailing2.bmp,0,img12.bmp,wn,2.681274586686019,46.19136201986183
churchandcapitol.bmp,0,img13.bmp,wn,2.497142412716122,21.927888248041903
carnivaldolls.bmp,0,img14.bmp,wn,2.3652042809743214,14.775415943838567
dancers.bmp,0,img15.bmp,wn,2.1227481071952936,93.91355403240952
studentsculpture.bmp,0,img16.bmp,wn,3.1972366904721694,40.79594818906652
monarch.bmp,0,img17.bmp,wn,2.4493955125873126,51.406684831170054
churchandcapitol.bmp,0,img18.bmp,wn,2.0909752980772955,35.32176832792063
studentsculpture.bmp,0,img19.bmp,wn,2.068559712169406,13.494986288484718
churchandcapitol.bmp,0,img20.bmp,wn,1.597754828772944,111.77469352631448
ocean.bmp,0,img21.bmp,wn,2.5298880554017895,61.681001518022924
parrots.bmp,0,img22.bmp,wn,1.8064543591278939,29.05160906556435
cemetry.bmp,0,img23.bmp,wn,2.3365549960730574,109.62708401221437
coinsinfountain.bmp,0,img24.bmp,wn,2.283028147760961,94.03481633826047
statue.bmp,0,img25.bmp,wn,2.4587377186484862,49.8342340456356
paintedhouse.bmp,0,img26.bmp,wn,3.4336081408640475,61.62614194844081
dancers.bmp,0,img27.bmp,wn,3.332670749250308,47.72741274693893
womanhat.bmp,0,img28.bmp,wn,2.3724419896483435,58.41045583984596
bikes.bmp,0,img29.bmp,wn,2.417277569927141,74.6356854930016
dancers.bmp,0,img30.bmp,wn,2.8278344672504137,33.19702721082979
coinsinfountain.bmp,0,img31.bmp,wn,3.1281828528318494,27.51459903168142
lighthouse2.bmp,0,img32.bmp,wn,2.641193484663869,60.27965391746516
woman.bmp,0,img33.bmp,wn,2.3080176074695404,102.72368546631967
monarch.bmp,0,img34.bmp,wn,2.2500928393137056,94.4100904010743
woman.bmp,0,img35.bmp,wn,2.6998911574260047,38.087797760154245
building2.bmp,0,img36.bmp,wn,2.536857192564833,71.21218202942677
manfishing.bmp,0,img37.bmp,wn,2.8704269769617,28.617188359415515
house.bmp,0,img38.bmp,wn,2.7772655950232568,66.53165048509287
paintedhouse.bmp,0,img39.bmp,wn,1.9859399081506253,71.76021293669349
lighthouse.bmp,0,img40.bmp,wn,2.776581609476153,48.05993884502848
manfishing.bmp,0,img41.bmp,wn,2.760526602427794,100.23878414456692
ocean.bmp,0,img42.bmp,wn,1.7956982796100016,107.65033077751622
lighthouse.bmp,0,img43.bmp,wn,1.898770221186645,20.295948373068647
studentsculpture.bmp,0,img44.bmp,wn,3.6289907424272605,72.84561785296995
cemetry.bmp,0,img45.bmp,wn,2.2661783932744233,26.989633874164532
buildings.bmp,0,img46.bmp,wn,2.5457136482941642,37.341496135801734
carnivaldolls.bmp,0,img47.bmp,wn,1.8291864047967001,104.40801605101547
building2.bmp,0,img48.bmp,wn,2.335392337060769,34.5029166994517
flowersonih35.bmp,0,img49.bmp,wn,2.5444513098184434,75.24580813267
dancers.bmp,0,img50.bmp,wn,2.429653043355695,79.43613206888192
dancers.bmp,0,img51.bmp,wn,2.0562739343211778,73.83502971471134
sailing1.bmp,0,img52.bmp,wn,2.0746916284927717,97.51209513726754
flowersonih35.bmp,0,img53.bmp,wn,2.4117720032721652,95.34370094075177
house.bmp,0,img54.bmp,wn,2.241177403708036,20.5274846951256
statue.bmp,0,img55.bmp,wn,1.8324399900812403,36.475636915268524
sailing1.bmp,0,img56.bmp,wn,2.64788494145904,35.64458484067259
studentsculpture.bmp,0,img57.bmp,wn,2.673410038495945,97.69957653577356
sailing3.bmp,0,img58.bmp,wn,2.1084710324813343,106.3698573635383
manfishing.bmp,0,img59.bmp,wn,1.9767345416603037,11.037306278232428
womanhat.bmp,0,img60.bmp,wn,1.5709611855752659,97.65698241414981
buildings.bmp,0,img61.bmp,wn,3.1250027221616317,78.47085391287106
churchandcapitol.bmp,0,img62.bmp,wn,2.1095694880182827,62.92970737500086
cemetry.bmp,0,img63.bmp,wn,2.2053189461564724,41.035510546118466
caps.bmp,0,img64.bmp,wn,2.7184371527551416,18.611094569023102
cemetry.bmp,0,img65.bmp,wn,3.1553208037816463,70.94998870953438
lighthouse.bmp,0,img66.bmp,wn,1.606946053028173,99.45910509660351
parrots.bmp,0,img67.bmp,wn,2.13271171570999,47.44842540432511
bikes.bmp,0,img68.bmp,wn,2.852663451197836,45.829078985831195
parrots.bmp,0,img69.bmp,wn,2.6218968245456784,61.6158088994382
house.bmp,0,img70.bmp,wn,2.840500500491151,41.31695798429712
carnivaldolls.bmp,0,img71.bmp,wn,1.7479047506625771,63.45931896527788
flowersonih35.bmp,0,img72.bmp,wn,1.462918218692957,45.00432810746642
manfishing.bmp,0,img73.bmp,wn,2.8375231659754343,69.02754430690878
rapids.bmp,0,img74.bmp,wn,2.9134222446241664,54.62805994606417
parrots.bmp,0,img75.bmp,wn,2.268803248074279,15.271352054362957
sailing1.bmp,0,img76.bmp,wn,2.7995419098844954,20.007483290527425
rapids.bmp,0,img77.bmp,wn,1.9516841080209035,94.20486814584287
plane.bmp,0,img78.bmp,wn,3.009098605828305,15.388646901982973
sailing1.bmp,0,img79.bmp,wn,2.9029108599641575,55.06753054284376
caps.bmp,0,img80.bmp,wn,2.3499769156561117,97.2694715798371
sailing2.bmp,0,img81.bmp,wn,2.8087573522329765,21.61052934761817
monarch.bmp,0,img82.bmp,wn,2.1727909353796964,21.195283028480475
house.bmp,0,img83.bmp,wn,2.420761784791864,71.54037129415151
sailing3.bmp,0,img84.bmp,wn,2.2922375599161326,31.24987494201788
statue.bmp,0,img85.bmp,wn,1.981567196544068,13.666943331193622
sailing4.bmp,0,img86.bmp,wn,2.993245815368399,57.39305471032276
bikes.bmp,0,img87.bmp,wn,1.866577444408603,105.10166413396246
stream.bmp,0,img88.bmp,wn,3.018938875433717,39.10614097745931
sailing3.bmp,0,img89.bmp,wn,2.369085883590642,57.538603283146436
carnivaldolls.bmp,0,img90.bmp,wn,1.8627435483563792,39.71346655802711
statue.bmp,0,img91.bmp,wn,2.043116402709843,67.19437758924813
coinsinfountain.bmp,0,img92.bmp,wn,2.7350479618293075,69.06535116986018
churchandcapitol.bmp,0,img93.bmp,wn,2.597878021215324,73.54583611585835
paintedhouse.bmp,0,img94.bmp,wn,1.854614383649332,106.81758994591208
bikes.bmp,0,img95.bmp,wn,2.0555348714915973,23.508406616286706
lighthouse.bmp,0,img96.bmp,wn,3.0639875829279823,69.26005385452565
bikes.bmp,0,img97.bmp,wn,2.3459626527263118,65.70698388517809
woman.bmp,0,img98.bmp,wn,2.1298236366322874,13.266839820800243
ocean.bmp,0,img99.bmp,wn,2.1363097733169947,12.137833909830341
sailing4.bmp,0,img100.bmp,wn,2.787472556069204,38.595687634018724
rapids.bmp,0,img101.bmp,wn,2.2417326693994015,11.166482886698198
building2.bmp,0,img102.bmp,wn,2.876968807202124,50.194325232236274
buildings.bmp,0,img103.bmp,wn,2.743005591509138,22.884871051304934
parrots.bmp,0,img104.bmp,wn,1.752175249883756,99.6615285081197
plane.bmp,0,img105.bmp,wn,1.945393913789361,93.86859240789695
stream.bmp,0,img106.bmp,wn,3.5227156165380875,77.63344919424672
rapids.bmp,0,img107.bmp,wn,3.523027448317158,33.63370982301589
lighthouse2.bmp,0,img108.bmp,wn,2.255321687887606,55.535575649060156
house.bmp,0,img109.bmp,wn,2.173939738025519,58.66034224093095
caps.bmp,0,img110.bmp,wn,2.524804133799394,51.67024428176386
paintedhouse.bmp,0,img111.bmp,wn,2.5673024055654925,43.298016309826934
studentsculpture.bmp,0,img112.bmp,wn,2.119029236445451,62.69095740904541
sailing2.bmp,0,img113.bmp,wn,2.582085877413812,97.92469225647716
lighthouse.bmp,0,img114.bmp,wn,2.2929064961724497,35.70795551820673
woman.bmp,0,img115.bmp,wn,2.228415462380502,57.98572759381551
rapids.bmp,0,img116.bmp,wn,2.34675892150685,67.4653416344695
sailing2.bmp,0,img117.bmp,wn,2.405895056708855,28.79734485795999
ocean.bmp,0,img118.bmp,wn,2.944993001150369,37.944107183148475
womanhat.bmp,0,img119.bmp,wn,2.1077467959055096,65.07828999287852
ocean.bmp,0,img120.bmp,wn,3.0478877795966706,69.44972429947218
building2.bmp,0,img121.bmp,wn,3.011590976507298,76.0908192258521
flowersonih35.bmp,0,img122.bmp,wn,2.577459561610097,70.58976221156998
sailing3.bmp,0,img123.bmp,wn,1.8641327261351919,63.30630049280129
coinsinfountain.bmp,0,img124.bmp,wn,2.7756731326429613,61.46371806749249
lighthouse2.bmp,0,img125.bmp,wn,2.4391919696940314,15.998465932281881
sailing4.bmp,0,img126.bmp,wn,2.346013347365939,63.7033428924913
sailing4.bmp,0,img127.bmp,wn,2.1912507287307244,15.147108587135826
sailing2.bmp,0,img128.bmp,wn,2.9238739580851982,62.99129769303974
plane.bmp,0,img129.bmp,wn,3.493283395812534,64.69701933079591
buildings.bmp,0,img130.bmp,wn,2.8863581070994906,70.50327694656922
stream.bmp,0,img131.bmp,wn,3.544194786063466,89.07333452953819
caps.bmp,0,img132.bmp,wn,3.4570288930079665,38.08510135616129
flowersonih35.bmp,0,img133.bmp,wn,2.7100070835086734,13.772809998423078
sailing4.bmp,0,img134.bmp,wn,3.1465812089565066,70.6450297294693
carnivaldolls.bmp,0,img135.bmp,wn,2.2991046881278003,67.63968110982358
building2.bmp,0,img136.bmp,wn,2.065218418897199,106.17335732260668
lighthouse2.bmp,0,img137.bmp,wn,2.064465454645108,102.01544839638244
stream.bmp,0,img138.bmp,wn,2.886233879719755,22.149317346230504
plane.bmp,0,img139.bmp,wn,3.1731685105666085,52.69863155435469
monarch.bmp,0,img140.bmp,wn,2.8204743535870476,65.2062617058754
sailing1.bmp,0,img141.bmp,wn,2.725935525467666,64.80613405230142
paintedhouse.bmp,0,img142.bmp,wn,2.8749657455916617,23.365932631894772
manfishing.bmp,0,img143.bmp,wn,2.1315486503810557,61.98853406494696
caps.bmp,0,img144.bmp,wn,3.4345018641233027,63.45183048855342
statue.bmp,0,img145.bmp,wn,2.539662357016074,98.27070283202306
caps.bmp,0,img1.bmp,gblur,2.3553170935802576,42.127765361449555
churchandcapitol.bmp,0,img2.bmp,gblur,2.1033925129374036,37.462720322546936
monarch.bmp,0,img3.bmp,gblur,2.1971292586034625,43.26456018535141
lighthouse.bmp,0,img4.bmp,gblur,1.9770442700737691,19.510097084325167
plane.bmp,0,img5.bmp,gblur,2.3695646978416995,72.82942220542719
carnivaldolls.bmp,0,img6.bmp,gblur,1.8242234046791481,54.79584980310996
buildings.bmp,0,img7.bmp,gblur,2.12731642781858,28.45923879344707
building2.bmp,0,img8.bmp,gblur,1.5552481749873166,28.180912872308728
rapids.bmp,0,img9.bmp,gblur,1.2211846957473893,23.83506669503422
sailing2.bmp,0,img10.bmp,gblur,2.308539204467474,89.72374712250675
monarch.bmp,0,img11.bmp,gblur,2.494991077873698,83.26954044809332
parrots.bmp,0,img12.bmp,gblur,1.3362430917558406,23.747800588472256
cemetry.bmp,0,img13.bmp,gblur,1.555964716980339,30.514445202895608
manfishing.bmp,0,img14.bmp,gblur,2.433874026965244,33.317365184485546
lighthouse.bmp,0,img15.bmp,gblur,2.3920833214772768,43.371393473652745
manfishing.bmp,0,img16.bmp,gblur,1.5003337001865147,63.381935483061866
rapids.bmp,0,img17.bmp,gblur,1.7475352749990436,88.25341457573218
stream.bmp,0,img18.bmp,gblur,1.9751344266739725,32.28879443889066
coinsinfountain.bmp,0,img19.bmp,gblur,2.3923698915382423,53.1730822979176
studentsculpture.bmp,0,img20.bmp,gblur,2.245740505763918,41.4683726766827
dancers.bmp,0,img21.bmp,gblur,1.6223496681170844,39.157564151102406
coinsinfountain.bmp,0,img22.bmp,gblur,1.7750750540757767,47.539839513629076
paintedhouse.bmp,0,img23.bmp,gblur,1.7922023569227732,19.81956588915427
lighthouse.bmp,0,img24.bmp,gblur,2.19384565088695,93.40865465910048
building2.bmp,0,img25.bmp,gblur,1.8770858518463862,60.85908908030956
bikes.bmp,0,img26.bmp,gblur,1.9808109994597176,43.11752291546036
carnivaldolls.bmp,0,img27.bmp,gblur,2.4428979591287803,32.45533469024021
caps.bmp,0,img28.bmp,gblur,2.0059524347878894,22.96359302071471
rapids.bmp,0,img29.bmp,gblur,1.5906734819841764,29.707112621076355
plane.bmp,0,img30.bmp,gblur,2.232284618209279,50.78289110295646
parrots.bmp,0,img31.bmp,gblur,2.6203712010665767,52.1680931480972
coinsinfountain.bmp,0,img32.bmp,gblur,1.3355522844864443,20.42170138535499
building2.bmp,0,img33.bmp,gblur,1.9034412406176267,37.06966908699679
rapids.bmp,0,img34.bmp,gblur,1.8256827254408345,46.75861493731215
sailing1.bmp,0,img35.bmp,gblur,2.7494388167776598,29.946921048434994
womanhat.bmp,0,img36.bmp,gblur,1.770225062956701,49.3887315611896
monarch.bmp,0,img37.bmp,gblur,2.338227982177359,55.79859697122191
studentsculpture.bmp,0,img38.bmp,gblur,3.1136197471288596,49.57258124925823
paintedhouse.bmp,0,img39.bmp,gblur,2.3991024210411096,35.163418897152994
bikes.bmp,0,img40.bmp,gblur,2.3060774180182393,59.72797575732214
dancers.bmp,0,img41.bmp,gblur,1.754584261265361,64.24080369440135
womanhat.bmp,0,img42.bmp,gblur,2.202831397807856,37.61345259412877
sailing2.bmp,0,img43.bmp,gblur,1.7849435521133843,41.36298389729544
studentsculpture.bmp,0,img44.bmp,gblur,1.9688416856063966,26.588236919388123
buildings.bmp,0,img45.bmp,gblur,1.8114081733478482,21.680338672475234
sailing1.bmp,0,img46.bmp,gblur,1.773975393173413,21.37173574127878
manfishing.bmp,0,img47.bmp,gblur,2.2326017822216646,48.37779845595415
sailing2.bmp,0,img48.bmp,gblur,1.8080209676976595,57.040994158487464
house.bmp,0,img49.bmp,gblur,1.66860996634617,35.511076424494355
stream.bmp,0,img50.bmp,gblur,2.2496830510678945,46.66501375774308
dancers.bmp,0,img51.bmp,gblur,2.169015602957382,21.90766424535399
carnivaldolls.bmp,0,img52.bmp,gblur,1.6390298842523514,68.54058128580095
lighthouse2.bmp,0,img53.bmp,gblur,2.251308749665689,59.567814555450866
statue.bmp,0,img54.bmp,gblur,1.5641668521929553,59.07594073978924
lighthouse2.bmp,0,img55.bmp,gblur,2.1036959968633115,50.30002190258614
parrots.bmp,0,img56.bmp,gblur,1.3977156183039796,37.03663806134327
ocean.bmp,0,img57.bmp,gblur,2.7568712876555725,53.613271673219984
stream.bmp,0,img58.bmp,gblur,1.888854976575692,72.87394931569021
carnivaldolls.bmp,0,img59.bmp,gblur,1.9558464014740196,43.22494778304786
bikes.bmp,0,img60.bmp,gblur,2.256347290535547,20.19888494169012
womanhat.bmp,0,img61.bmp,gblur,2.083209292708992,26.8104249250671
buildings.bmp,0,img62.bmp,gblur,1.9997587953047948,33.289587739887395
plane.bmp,0,img63.bmp,gblur,1.8595906014930912,18.638782031279458
woman.bmp,0,img64.bmp,gblur,2.1992965017924417,38.730110284620814
flowersonih35.bmp,0,img65.bmp,gblur,1.5546796990651282,41.54577164748736
churchandcapitol.bmp,0,img66.bmp,gblur,1.7660556719850444,58.91249145488299
manfishing.bmp,0,img67.bmp,gblur,1.081157775318624,22.83897810739422
woman.bmp,0,img68.bmp,gblur,1.8335523152937063,64.7162926008737
parrots.bmp,0,img69.bmp,gblur,2.4235697617880843,79.75902400389953
caps.bmp,0,img70.bmp,gblur,1.814286704256212,75.36497201033434
stream.bmp,0,img71.bmp,gblur,1.172616531525297,20.381731958065036
sailing2.bmp,0,img72.bmp,gblur,1.905641321629917,47.86237098807869
buildings.bmp,0,img73.bmp,gblur,1.630337445805143,60.10697150963521
sailing1.bmp,0,img74.bmp,gblur,2.0614826406073803,40.94953032442054
lighthouse2.bmp,0,img75.bmp,gblur,1.748948388118464,42.418404613662226
sailing4.bmp,0,img76.bmp,gblur,2.747517042495489,40.31616322660909
statue.bmp,0,img77.bmp,gblur,1.9992968372138171,40.77253768425125
manfishing.bmp,0,img78.bmp,gblur,2.0672094371308085,67.58397974933878
sailing3.bmp,0,img79.bmp,gblur,1.9523390035186423,38.207970020009036
building2.bmp,0,img80.bmp,gblur,2.359836118641247,42.393658246536816
paintedhouse.bmp,0,img81.bmp,gblur,2.0754952824460577,46.51061125048729
womanhat.bmp,0,img82.bmp,gblur,1.9008501169662875,21.322050993497648
cemetry.bmp,0,img83.bmp,gblur,1.8756951462645601,64.73522264796105
sailing2.bmp,0,img84.bmp,gblur,2.4413108526282534,26.21419093598192
flowersonih35.bmp,0,img85.bmp,gblur,2.1177072259806606,56.267384043975134
plane.bmp,0,img86.bmp,gblur,1.779155522415742,37.337748831262275
flowersonih35.bmp,0,img87.bmp,gblur,2.172449767322129,38.07307012751651
caps.bmp,0,img88.bmp,gblur,1.557926702287045,65.58275601959907
sailing4.bmp,0,img89.bmp,gblur,2.752166164812364,30.699919723279706
flowersonih35.bmp,0,img90.bmp,gblur,1.5865771680778582,20.69642513725109
churchandcapitol.bmp,0,img91.bmp,gblur,1.9373219706232583,48.86374565914097
ocean.bmp,0,img92.bmp,gblur,1.5102789187268693,22.85851059949997
dancers.bmp,0,img93.bmp,gblur,1.7586950163318038,45.65407108816057
house.bmp,0,img94.bmp,gblur,1.8106389732019526,24.30864453533312
carnivaldolls.bmp,0,img95.bmp,gblur,1.2637741370305293,17.156424264142174
monarch.bmp,0,img96.bmp,gblur,2.257559883616584,21.419440237228148
lighthouse.bmp,0,img97.bmp,gblur,1.996390893527806,52.89921636764908
statue.bmp,0,img98.bmp,gblur,1.6732859578912507,26.93797934114651
woman.bmp,0,img99.bmp,gblur,2.1257372947241175,59.43768243275185
studentsculpture.bmp,0,img100.bmp,gblur,1.9330781648894442,55.99099722787511
coinsinfountain.bmp,0,img101.bmp,gblur,1.575332735995221,26.079483169620147
lighthouse.bmp,0,img102.bmp,gblur,1.6598212528591836,33.02457411335329
monarch.bmp,0,img103.bmp,gblur,2.1992943575966315,41.62202095479563
churchandcapitol.bmp,0,img104.bmp,gblur,1.6195672422225718,90.83144264010389
parrots.bmp,0,img105.bmp,gblur,1.9469798613148697,69.29558963921917
ocean.bmp,0,img106.bmp,gblur,1.7474789512431663,27.43814252019736
flowersonih35.bmp,0,img107.bmp,gblur,1.937230645973493,73.06324854706611
studentsculpture.bmp,0,img108.bmp,gblur,1.9825914298390337,20.98121105422193
cemetry.bmp,0,img109.bmp,gblur,1.628680913975531,43.64868973704411
paintedhouse.bmp,0,img110.bmp,gblur,1.8216023261071943,43.59300169983794
sailing3.bmp,0,img111.bmp,gblur,2.523224372749732,25.46083862616192
bikes.bmp,0,img112.bmp,gblur,2.0974082425340135,29.841330546597327
house.bmp,0,img113.bmp,gblur,1.7881308838729517,45.10971717685527
sailing3.bmp,0,img114.bmp,gblur,2.151144842192191,52.283257841139225
caps.bmp,0,img115.bmp,gblur,2.1414660647530557,57.78121193545228
paintedhouse.bmp,0,img116.bmp,gblur,2.371653802697252,86.27444720136725
ocean.bmp,0,img117.bmp,gblur,1.9714606038523592,84.55564220108053
lighthouse2.bmp,0,img118.bmp,gblur,1.766019239173562,70.26112633028697
ocean.bmp,0,img119.bmp,gblur,1.8165778472355079,40.38463431058608
statue.bmp,0,img120.bmp,gblur,1.446242440031924,71.84453613923937
sailing4.bmp,0,img121.bmp,gblur,2.097593302463487,74.66704277991492
house.bmp,0,img122.bmp,gblur,1.8003603577480416,38.009055999426565
coinsinfountain.bmp,0,img123.bmp,gblur,1.5615860957580692,61.346819585982885
sailing3.bmp,0,img124.bmp,gblur,1.782404360910398,64.71710859945146
sailing1.bmp,0,img125.bmp,gblur,2.1771822093098345,68.01663301489151
stream.bmp,0,img126.bmp,gblur,2.02092118076,36.50002223269209
sailing4.bmp,0,img127.bmp,gblur,3.021715171795851,53.305640851612196
dancers.bmp,0,img128.bmp,gblur,1.8298860160782875,58.02915765036237
bikes.bmp,0,img129.bmp,gblur,2.0792447693044007,29.31846908583694
sailing1.bmp,0,img130.bmp,gblur,2.1183774275666685,49.54061655633064
statue.bmp,0,img131.bmp,gblur,1.5209358765131336,55.584211099300234
womanhat.bmp,0,img132.bmp,gblur,2.358234407205805,64.12525460567022
lighthouse2.bmp,0,img133.bmp,gblur,1.175522088565494,24.91286361762859
buildings.bmp,0,img134.bmp,gblur,2.1862955425328296,48.95564454107609
cemetry.bmp,0,img135.bmp,gblur,1.7730139063342016,47.96322103017178
sailing4.bmp,0,img136.bmp,gblur,2.083740406387225,30.4216928832291
building2.bmp,0,img137.bmp,gblur,1.8000736006243856,17.750595646159454
house.bmp,0,img138.bmp,gblur,1.7838263232170697,73.01791251884717
plane.bmp,0,img139.bmp,gblur,1.7571187484147568,64.55945570551016
woman.bmp,0,img140.bmp,gblur,1.8556972294792302,39.758967595843245
rapids.bmp,0,img141.bmp,gblur,1.6383158275062488,56.67448459201258
churchandcapitol.bmp,0,img142.bmp,gblur,1.709836560292934,30.519428175117486
cemetry.bmp,0,img143.bmp,gblur,1.344143883670629,33.84223042572021
sailing3.bmp,0,img144.bmp,gblur,2.1843112908282403,72.07038503902243
woman.bmp,0,img145.bmp,gblur,2.053298466265542,22.31027731867567
coinsinfountain.bmp,0,img1.bmp,fastfading,3.1697271612014375,75.69834484894027
coinsinfountain.bmp,0,img2.bmp,fastfading,3.127486454760219,72.38923371278747
coinsinfountain.bmp,0,img3.bmp,fastfading,4.081609982408548,70.14186312814755
coinsinfountain.bmp,0,img4.bmp,fastfading,3.5604776169504753,21.236876374403256
coinsinfountain.bmp,0,img5.bmp,fastfading,2.6454161129929696,13.035300360483568
ocean.bmp,0,img6.bmp,fastfading,3.532928485111395,61.91884706998839
ocean.bmp,0,img7.bmp,fastfading,3.751627275678651,51.55241265731182
ocean.bmp,0,img8.bmp,fastfading,3.6075979180579907,83.14840637381712
ocean.bmp,0,img9.bmp,fastfading,3.3040264347306105,63.12396333336599
ocean.bmp,0,img10.bmp,fastfading,2.2750658347201465,5.932762842632151
statue.bmp,0,img11.bmp,fastfading,3.419802659667145,72.19553583563231
statue.bmp,0,img12.bmp,fastfading,3.25811532493205,46.15722197754742
statue.bmp,0,img13.bmp,fastfading,2.2118867692393525,10.62005747868401
statue.bmp,0,img14.bmp,fastfading,2.91890489633748,19.717544269834338
statue.bmp,0,img15.bmp,fastfading,2.734508675045638,10.833354821743228
dancers.bmp,0,img16.bmp,fastfading,3.5601464054188727,65.82497819643346
dancers.bmp,0,img17.bmp,fastfading,2.357956180299048,54.373331274324045
dancers.bmp,0,img18.bmp,fastfading,2.4832328267043593,81.0179705378508
dancers.bmp,0,img19.bmp,fastfading,2.806607407404946,41.92217758138109
dancers.bmp,0,img20.bmp,fastfading,3.840798353513802,22.00058839495432
paintedhouse.bmp,0,img21.bmp,fastfading,2.906424772847812,78.39976353763907
paintedhouse.bmp,0,img22.bmp,fastfading,3.767154345056687,62.589208895964546
paintedhouse.bmp,0,img23.bmp,fastfading,3.227418955062686,47.03150565208161
paintedhouse.bmp,0,img24.bmp,fastfading,2.510187826320524,54.39350290165264
paintedhouse.bmp,0,img25.bmp,fastfading,3.3201203148056284,13.64960869971246
stream.bmp,0,img26.bmp,fastfading,4.202435523831104,67.11403306513637
stream.bmp,0,img27.bmp,fastfading,3.1961503007211456,10.904306643436378
stream.bmp,0,img28.bmp,fastfading,2.148882452322508,15.804461414590346
stream.bmp,0,img29.bmp,fastfading,2.552095474903708,16.145172839516636
stream.bmp,0,img30.bmp,fastfading,1.9060613536718118,7.247282319675264
bikes.bmp,0,img31.bmp,fastfading,3.245519320395442,99.58651348686959
bikes.bmp,0,img32.bmp,fastfading,2.954243541648991,52.327717808871576
bikes.bmp,0,img33.bmp,fastfading,2.596156795337599,33.16214637834979
bikes.bmp,0,img34.bmp,fastfading,2.81934062618964,10.492456034882686
bikes.bmp,0,img35.bmp,fastfading,3.0754059271343475,48.840839515922575
flowersonih35.bmp,0,img36.bmp,fastfading,2.60932535108315,54.76502889570662
flowersonih35.bmp,0,img37.bmp,fastfading,3.419685102521834,95.77409374141652
flowersonih35.bmp,0,img38.bmp,fastfading,3.1321979313328745,30.78023533858247
flowersonih35.bmp,0,img39.bmp,fastfading,4.782410081382477,34.07425249043993
flowersonih35.bmp,0,img40.bmp,fastfading,3.0877140298460852,16.429121525519584
parrots.bmp,0,img41.bmp,fastfading,3.7454853414753413,47.90779725297225
parrots.bmp,0,img42.bmp,fastfading,4.012353367286302,58.41939049817109
parrots.bmp,0,img43.bmp,fastfading,1.781069037632149,7.234500306160264
parrots.bmp,0,img44.bmp,fastfading,2.553261450413017,20.695027475202703
parrots.bmp,0,img45.bmp,fastfading,2.5350742658568346,3.3916336118871087
studentsculpture.bmp,0,img46.bmp,fastfading,3.238886798851759,84.35398937606175
studentsculpture.bmp,0,img47.bmp,fastfading,2.027024004253147,99.04090626921534
studentsculpture.bmp,0,img48.bmp,fastfading,3.488755211393321,57.11706071800262
studentsculpture.bmp,0,img49.bmp,fastfading,3.0707170780852175,13.315534024440112
studentsculpture.bmp,0,img50.bmp,fastfading,2.7747063316240057,14.480616750326682
building2.bmp,0,img51.bmp,fastfading,2.9519268338376077,84.84405450844739
building2.bmp,0,img52.bmp,fastfading,2.2018292848094734,102.67047076529366
building2.bmp,0,img53.bmp,fastfading,3.464605737687111,49.21986908481058
building2.bmp,0,img54.bmp,fastfading,1.706059328837654,11.099089191674402
building2.bmp,0,img55.bmp,fastfading,2.9001883762226464,16.0834094198751
plane.bmp,0,img56.bmp,fastfading,3.9564060748368686,49.8049500050861
plane.bmp,0,img57.bmp,fastfading,3.346654336780054,76.03556974499287
plane.bmp,0,img58.bmp,fastfading,2.796728293298564,95.95778317943885
plane.bmp,0,img59.bmp,fastfading,3.1401913610335006,9.426468350910561
plane.bmp,0,img60.bmp,fastfading,3.641240043239738,14.523194856047589
woman.bmp,0,img61.bmp,fastfading,4.283344124735823,75.73546444515758
woman.bmp,0,img62.bmp,fastfading,4.298119492721364,73.80284324741564
woman.bmp,0,img63.bmp,fastfading,4.5245745138395606,20.510661566218758
woman.bmp,0,img64.bmp,fastfading,2.781167148408399,10.139030733080304
woman.bmp,0,img65.bmp,fastfading,3.486210547961122,87.9097236928659
buildings.bmp,0,img66.bmp,fastfading,2.554823999854392,59.220408784962586
buildings.bmp,0,img67.bmp,fastfading,2.800612226033104,73.46184832990365
buildings.bmp,0,img68.bmp,fastfading,3.2919404520734865,69.5058791325869
buildings.bmp,0,img69.bmp,fastfading,2.4885579828991586,89.79611578262839
buildings.bmp,0,img70.bmp,fastfading,2.08687210907679,8.049363347373571
house.bmp,0,img71.bmp,fastfading,2.358448027031954,97.87628555010909
house.bmp,0,img72.bmp,fastfading,3.2015883049673124,22.841368890743222
house.bmp,0,img73.bmp,fastfading,2.8757061211864245,36.83680677608689
house.bmp,0,img74.bmp,fastfading,3.743495203105928,11.021255348207085
house.bmp,0,img75.bmp,fastfading,3.460430796672716,10.886885674413485
rapids.bmp,0,img76.bmp,fastfading,2.194877282581972,97.93005426044192
rapids.bmp,0,img77.bmp,fastfading,3.1057913931358034,46.61397691273123
rapids.bmp,0,img78.bmp,fastfading,1.7099508828898748,45.771721280740564
rapids.bmp,0,img79.bmp,fastfading,3.4968501618212335,57.0121131162158
rapids.bmp,0,img80.bmp,fastfading,1.778578809301602,6.827347477667608
womanhat.bmp,0,img81.bmp,fastfading,3.0397827727771167,48.85321204142524
womanhat.bmp,0,img82.bmp,fastfading,3.4343585222600104,41.631702200296125
womanhat.bmp,0,img83.bmp,fastfading,4.193385518933229,24.486863891147017
womanhat.bmp,0,img84.bmp,fastfading,3.4492401408015243,19.021435287056377
womanhat.bmp,0,img85.bmp,fastfading,2.6554492421450697,54.56990823000827
caps.bmp,0,img86.bmp,fastfading,3.1179694450311066,90.82715103470838
caps.bmp,0,img87.bmp,fastfading,2.479285844547587,75.44972331293029
caps.bmp,0,img88.bmp,fastfading,3.318311520530094,59.172591067376246
caps.bmp,0,img89.bmp,fastfading,3.7435920642793663,31.05987190620283
caps.bmp,0,img90.bmp,fastfading,3.6375787774980446,45.10596694497139
lighthouse.bmp,0,img91.bmp,fastfading,2.1833212843685974,55.63083463174906
lighthouse.bmp,0,img92.bmp,fastfading,2.743516216475299,81.44321011813874
lighthouse.bmp,0,img93.bmp,fastfading,2.7820362039379245,38.38644793948208
lighthouse.bmp,0,img94.bmp,fastfading,3.62080927274637,46.66136696626988
lighthouse.bmp,0,img95.bmp,fastfading,3.369791629000233,58.4995162932027
sailing1.bmp,0,img96.bmp,fastfading,2.28202884767212,96.01007026787254
sailing1.bmp,0,img97.bmp,fastfading,2.463917143356269,71.3583186945212
sailing1.bmp,0,img98.bmp,fastfading,3.638273542728558,20.898734424376453
sailing1.bmp,0,img99.bmp,fastfading,2.933472271225668,60.48403996902601
sailing1.bmp,0,img100.bmp,fastfading,3.3057358170459605,64.71622731164517
carnivaldolls.bmp,0,img101.bmp,fastfading,2.388123931671707,60.849733945404864
carnivaldolls.bmp,0,img102.bmp,fastfading,3.009389934191752,37.96393061413332
carnivaldolls.bmp,0,img103.bmp,fastfading,2.6143571792538722,67.64800840348245
carnivaldolls.bmp,0,img104.bmp,fastfading,2.007024960002839,9.516793517983984
carnivaldolls.bmp,0,img105.bmp,fastfading,1.8427295100311356,12.867990241491285
lighthouse2.bmp,0,img106.bmp,fastfading,2.753347587553952,64.70246714917701
lighthouse2.bmp,0,img107.bmp,fastfading,2.9129814779071825,57.32734095341542
lighthouse2.bmp,0,img108.bmp,fastfading,2.1927887874688365,55.59412076716161
lighthouse2.bmp,0,img109.bmp,fastfading,2.588726324195452,30.886193546551326
lighthouse2.bmp,0,img110.bmp,fastfading,2.411174140159029,9.347556490035203
sailing2.bmp,0,img111.bmp,fastfading,2.6766002595811735,54.35298311169535
sailing2.bmp,0,img112.bmp,fastfading,2.966244273933893,70.07786306570196
sailing2.bmp,0,img113.bmp,fastfading,2.889528710311473,54.5241692380685
sailing2.bmp,0,img114.bmp,fastfading,2.657067173155523,33.72183274128713
sailing2.bmp,0,img115.bmp,fastfading,3.9701638514948523,29.190695911377848
cemetry.bmp,0,img116.bmp,fastfading,2.4406541814442306,101.10825291523571
cemetry.bmp,0,img117.bmp,fastfading,2.7391242575062376,78.21645963703683
cemetry.bmp,0,img118.bmp,fastfading,3.1351943888756497,60.8486362170736
cemetry.bmp,0,img119.bmp,fastfading,1.9554300152977395,8.316406055870281
cemetry.bmp,0,img120.bmp,fastfading,3.1285980626516863,86.77278366007693
manfishing.bmp,0,img121.bmp,fastfading,2.325699329664588,60.250015561555244
manfishing.bmp,0,img122.bmp,fastfading,3.3145174194112403,68.1452285836704
manfishing.bmp,0,img123.bmp,fastfading,2.8952341283739447,41.420846502466745
manfishing.bmp,0,img124.bmp,fastfading,2.9628292631897124,15.137590014892428
manfishing.bmp,0,img125.bmp,fastfading,2.405503147670406,7.880271887900541
sailing3.bmp,0,img126.bmp,fastfading,3.6091856402698874,72.89473698628494
sailing3.bmp,0,img127.bmp,fastfading,3.6629143010648098,21.24627124932043
sailing3.bmp,0,img128.bmp,fastfading,2.684285414256129,21.11139930138125
sailing3.bmp,0,img129.bmp,fastfading,2.5417904638309805,8.934551287688677
sailing3.bmp,0,img130.bmp,fastfading,2.575154665777079,9.347234220443333
churchandcapitol.bmp,0,img131.bmp,fastfading,2.409537455484973,104.70492246757584
churchandcapitol.bmp,0,img132.bmp,fastfading,2.6572868615072904,101.3192233316755
churchandcapitol.bmp,0,img133.bmp,fastfading,3.191022867828171,15.0356065260457
churchandcapitol.bmp,0,img134.bmp,fastfading,2.548192727180563,17.1034743529604
churchandcapitol.bmp,0,img135.bmp,fastfading,3.4966203320989897,38.976724838748005
monarch.bmp,0,img136.bmp,fastfading,2.975757582916927,65.49515916274478
monarch.bmp,0,img137.bmp,fastfading,2.568297687884678,48.792583586716695
monarch.bmp,0,img138.bmp,fastfading,2.5036021190743174,27.265533499406082
monarch.bmp,0,img139.bmp,fastfading,2.133388254236195,7.027264242310558
monarch.bmp,0,img140.bmp,fastfading,2.9089051379750694,9.283473183604272
sailing4.bmp,0,img141.bmp,fastfading,3.2254810344107865,71.64224760757007
sailing4.bmp,0,img142.bmp,fastfading,4.228283455349321,53.05297800439078
sailing4.bmp,0,img143.bmp,fastfading,3.2983697406123293,35.23314372392792
sailing4.bmp,0,img144.bmp,fastfading,4.190307991229467,56.34115606262271
sailing4.bmp,0,img145.bmp,fastfading,4.626759343126753,34.05021940048932
