refnames_all,orgs,dist_img,dst_type,dmos_std,dmos_new,DSSIM,SSIMULACRA,Butteraugli
studentsculpture.bmp,0,img2.bmp,jp2k,1.6294556597749836,15.512954417537028,0.01763532,0.05166256,5.239697
rapids.bmp,0,img3.bmp,jp2k,1.7384717298751982,24.09025497677203,0.04307353,0.09607274,9.70814
dancers.bmp,0,img4.bmp,jp2k,2.6202145100126977,68.99086164929872,0.16262377,0.24191475,20.348846
churchandcapitol.bmp,0,img5.bmp,jp2k,2.1280246055850447,74.39794796497739,0.17280866,0.22068511,38.47673
dancers.bmp,0,img6.bmp,jp2k,2.4234375332095834,69.2292141708657,0.1862331,0.25578508,26.245106
churchandcapitol.bmp,0,img7.bmp,jp2k,2.2871613424573773,53.57873192014601,0.0671931,0.13879065,18.275185
stream.bmp,0,img8.bmp,jp2k,2.9727376233002434,39.37667556675135,0.08828868,0.15658205,10.133242
woman.bmp,0,img10.bmp,jp2k,1.8976515719886171,43.42259860497224,0.08996802,0.15143932,12.403571
sailing3.bmp,0,img12.bmp,jp2k,2.8491496202582303,34.802951811201964,0.02791769,0.07390455,8.247186
buildings.bmp,0,img13.bmp,jp2k,1.9798755741482426,46.684096124058215,0.09917354,0.18075303,15.513494
paintedhouse.bmp,0,img14.bmp,jp2k,2.89653390984239,45.67949064903939,0.07743811,0.12457176,10.855099
bikes.bmp,0,img15.bmp,jp2k,2.0934379590624377,12.692083542828541,0.01319832,0.03985838,4.966112
stream.bmp,0,img17.bmp,jp2k,2.3035207833041254,65.23107378633902,0.15367056,0.23191135,21.350542
carnivaldolls.bmp,0,img18.bmp,jp2k,2.1281480218326507,29.39224918059548,0.02087636,0.056367,7.52129
sailing1.bmp,0,img19.bmp,jp2k,1.7382838028873744,3.8890621428635583,0.00234899,0.01312955,2.056422
coinsinfountain.bmp,0,img21.bmp,jp2k,2.415602535276761,22.461157863083844,0.03872951,0.08679807,7.849086
woman.bmp,0,img23.bmp,jp2k,2.204276955827919,35.59966912005858,0.05628472,0.11804957,8.748575
manfishing.bmp,0,img26.bmp,jp2k,1.5336433982143336,11.714566786308875,0.00308886,0.01590231,1.945832
house.bmp,0,img27.bmp,jp2k,2.3058602871669107,48.4017211733363,0.09058894,0.17428474,13.103962
coinsinfountain.bmp,0,img28.bmp,jp2k,1.9975010620796416,70.94908661426099,0.24650792,0.25760451,38.027843
buildings.bmp,0,img29.bmp,jp2k,1.6382322934715163,63.644935917203554,0.19392256,0.23873888,42.100899
building2.bmp,0,img30.bmp,jp2k,1.581241601321203,75.20085071703139,0.46530167,0.33899304,44.786606
ocean.bmp,0,img31.bmp,jp2k,1.748306014038223,23.258787473568603,0.02260484,0.06809911,6.674853
rapids.bmp,0,img32.bmp,jp2k,1.8805085144937823,76.28674666689452,0.22648492,0.24271365,35.890327
buildings.bmp,0,img33.bmp,jp2k,1.8497706238989116,52.785636451117234,0.11461666,0.18915669,19.438166
studentsculpture.bmp,0,img34.bmp,jp2k,1.669838891269479,8.613511703300915,0.00672762,0.02751364,3.411817
ocean.bmp,0,img37.bmp,jp2k,2.534981040961189,25.854249036910815,0.03606069,0.09406785,10.028464
sailing3.bmp,0,img38.bmp,jp2k,1.6871542451208674,65.85757417524141,0.1042452,0.16371147,26.734007
sailing4.bmp,0,img39.bmp,jp2k,2.345051667857986,26.960368393676966,0.03671704,0.10552177,6.874306
paintedhouse.bmp,0,img40.bmp,jp2k,2.4115967331354446,75.7811284764878,0.16995504,0.19677169,22.010574
building2.bmp,0,img41.bmp,jp2k,1.9699127089403106,43.696253511551454,0.08830627,0.14944576,20.517378
womanhat.bmp,0,img42.bmp,jp2k,1.6834654914668363,54.17424655185858,0.06235239,0.14506826,13.646064
sailing1.bmp,0,img43.bmp,jp2k,2.210567083711034,67.6967798207526,0.17812269,0.24526076,21.877226
flowersonih35.bmp,0,img44.bmp,jp2k,2.7263041160692696,71.61970727692339,0.20223315,0.2285959,23.677496
churchandcapitol.bmp,0,img45.bmp,jp2k,2.5828698184102787,74.14564153374137,0.20506442,0.24007882,38.738262
cemetry.bmp,0,img46.bmp,jp2k,2.0347093381371795,73.09174201136065,0.28989612,0.30333911,34.992729
house.bmp,0,img47.bmp,jp2k,2.3128767906360443,48.08894690810563,0.09348856,0.17588195,13.033833
cemetry.bmp,0,img48.bmp,jp2k,1.8648146563915367,77.32511548366256,0.30872703,0.31551474,35.571098
caps.bmp,0,img49.bmp,jp2k,2.372541157742341,13.501078103650578,0.01098915,0.04461612,6.604311
lighthouse.bmp,0,img51.bmp,jp2k,1.8852576810953185,20.52307378942626,0.02514558,0.07566261,7.509459
sailing4.bmp,0,img52.bmp,jp2k,2.6590215768236503,51.011385213379874,0.08381359,0.17049636,15.07556
plane.bmp,0,img53.bmp,jp2k,2.5765818471127178,62.47597192836157,0.0714079,0.18155776,21.490301
sailing2.bmp,0,img55.bmp,jp2k,3.08598252270823,46.03974281634614,0.04050969,0.10131585,12.50283
monarch.bmp,0,img56.bmp,jp2k,2.5946780154648166,41.28402576683269,0.042546,0.08149423,18.822832
plane.bmp,0,img58.bmp,jp2k,2.293305808640885,5.651469652190897,0.00155667,0.00886114,1.402363
sailing2.bmp,0,img59.bmp,jp2k,1.7047262519099886,10.109294080950896,0.00141704,0.01139692,1.563867
studentsculpture.bmp,0,img60.bmp,jp2k,2.0413714574914246,63.376792364010086,0.23162017,0.24574898,26.00717
monarch.bmp,0,img61.bmp,jp2k,2.64991255200665,21.45709519844654,0.01598488,0.04472586,9.528364
sailing2.bmp,0,img62.bmp,jp2k,1.4581884882202256,6.320751746555565,0.00257874,0.02308706,1.802097
manfishing.bmp,0,img63.bmp,jp2k,2.2640576624871542,30.07521146577485,0.03143005,0.07812337,7.863524
dancers.bmp,0,img65.bmp,jp2k,1.6169172127679154,82.98273370788652,0.31975627,0.32297854,43.072498
caps.bmp,0,img68.bmp,jp2k,2.665264261608864,24.82662376759264,0.01868442,0.05902695,8.551872
ocean.bmp,0,img69.bmp,jp2k,1.7423359627583637,5.909674455410709,0.00142874,0.010736,1.609209
stream.bmp,0,img71.bmp,jp2k,2.226784365003649,80.121282737048,0.26429119,0.28852415,26.319811
lighthouse2.bmp,0,img74.bmp,jp2k,2.1836601240947577,52.08982994049394,0.07045249,0.13716299,19.107584
womanhat.bmp,0,img75.bmp,jp2k,1.7855426601282673,11.035277608283096,0.0045038,0.02491469,2.867146
coinsinfountain.bmp,0,img77.bmp,jp2k,1.7103334644737602,12.523344239786702,0.00281316,0.01308653,2.728844
bikes.bmp,0,img78.bmp,jp2k,1.9836351092391096,30.57070176854073,0.05527038,0.11014679,10.673547
carnivaldolls.bmp,0,img79.bmp,jp2k,1.6392524977456093,79.16743675958445,0.14365047,0.21120306,29.968031
house.bmp,0,img80.bmp,jp2k,2.572737546434337,20.56698474721343,0.02890897,0.07365479,8.05418
rapids.bmp,0,img81.bmp,jp2k,1.777116388196908,44.74511025359578,0.07919016,0.14050323,11.008652
paintedhouse.bmp,0,img82.bmp,jp2k,2.0920966720812957,11.339054336612762,0.00404112,0.01913738,2.502181
caps.bmp,0,img83.bmp,jp2k,2.624627634453675,42.36932036075071,0.04159837,0.10925272,12.184917
parrots.bmp,0,img85.bmp,jp2k,2.4495771438577276,18.563119639992887,0.01222858,0.04433628,7.11757
flowersonih35.bmp,0,img86.bmp,jp2k,3.0818774275371803,76.23532996373504,0.30660693,0.28051821,33.262234
sailing1.bmp,0,img88.bmp,jp2k,1.7911191371788184,66.04417836262544,0.17349574,0.24154252,20.467346
sailing4.bmp,0,img90.bmp,jp2k,1.242815142725972,11.324709943682542,0.00460882,0.02265585,2.653375
lighthouse.bmp,0,img91.bmp,jp2k,2.2882016663254263,48.72445543811661,0.07368764,0.17708507,12.560316
statue.bmp,0,img92.bmp,jp2k,2.023303204131381,36.651332405233276,0.03423739,0.0863151,8.732916
manfishing.bmp,0,img94.bmp,jp2k,2.746299163838925,30.248805104886298,0.03193389,0.07825626,7.863524
parrots.bmp,0,img96.bmp,jp2k,1.8398196241604952,32.25567981412338,0.02276356,0.06256553,10.33747
cemetry.bmp,0,img98.bmp,jp2k,2.359314266888291,42.538558970763944,0.0581582,0.12786042,8.77937
womanhat.bmp,0,img99.bmp,jp2k,1.8988332171492361,50.18890942469288,0.05627455,0.13854625,12.046453
parrots.bmp,0,img101.bmp,jp2k,2.573830473381816,10.234730985641715,0.00570961,0.027692,3.221846
statue.bmp,0,img102.bmp,jp2k,1.7475430707025277,6.724372369964854,0.00172556,0.01466618,1.649167
lighthouse2.bmp,0,img103.bmp,jp2k,1.7457574719224596,10.088204403320535,0.00173305,0.01848266,1.857073
woman.bmp,0,img104.bmp,jp2k,2.8738845802987463,46.68236218261797,0.09633568,0.15653723,12.429597
monarch.bmp,0,img105.bmp,jp2k,1.502395833867887,7.557459980934176,0.00095483,0.00976187,1.365369
lighthouse.bmp,0,img106.bmp,jp2k,1.833030331651834,48.61615667390731,0.07478264,0.17916144,12.567868
building2.bmp,0,img107.bmp,jp2k,1.5312084849700591,79.84747926885252,0.57966331,0.37081969,51.975964
carnivaldolls.bmp,0,img108.bmp,jp2k,2.5969207453125294,43.66138899674546,0.04311177,0.09166375,9.898083
sailing3.bmp,0,img109.bmp,jp2k,2.231198812660149,35.73735899461327,0.02821541,0.07470301,8.247186
flowersonih35.bmp,0,img111.bmp,jp2k,2.2088466134765588,15.82182560398103,0.01118556,0.0377571,4.360131
plane.bmp,0,img113.bmp,jp2k,1.8290363408434827,12.564926162224069,0.00978228,0.04518842,3.903264
lighthouse2.bmp,0,img114.bmp,jp2k,1.8941454247335372,12.80273252847908,0.00268363,0.02339326,2.266988
bikes.bmp,0,img115.bmp,jp2k,1.9142334124592446,67.09045174168914,0.30723237,0.28355479,50.812904
statue.bmp,0,img116.bmp,jp2k,2.208465826879465,46.92014897186908,0.05799559,0.11053816,13.167665
ocean.bmp,0,img120.bmp,jp2k,2.5144703347394013,40.33848092661777,0.07346139,0.15800121,12.834864
manfishing.bmp,0,img121.bmp,jp2k,2.169018040789497,91.37246032042904,0.52018872,0.37466348,79.959877
caps.bmp,0,img122.bmp,jp2k,2.24235949316875,58.55909813379443,0.0745088,0.15712394,19.543039
carnivaldolls.bmp,0,img124.bmp,jp2k,2.824871360866682,52.154629253222005,0.07422542,0.13752449,15.726093
cemetry.bmp,0,img125.bmp,jp2k,2.2087475131800747,25.72392003888736,0.03313553,0.09359254,6.716915
rapids.bmp,0,img126.bmp,jp2k,2.4122139735474715,10.712712959196345,0.01268945,0.04272977,4.725777
parrots.bmp,0,img127.bmp,jp2k,2.678992775011636,74.95826410045794,0.12369015,0.15768322,47.525318
bikes.bmp,0,img129.bmp,jp2k,2.6084994060170716,15.242823326616556,0.02618359,0.06138764,9.32352
sailing3.bmp,0,img130.bmp,jp2k,2.25375359883815,42.497069418167996,0.05004573,0.10266122,12.406391
building2.bmp,0,img132.bmp,jp2k,2.729292865537815,22.538784832597898,0.05035965,0.10558077,7.596823
bikes.bmp,0,img133.bmp,jp2k,2.8755512077157013,40.04985108989743,0.13714129,0.19111657,20.481092
rapids.bmp,0,img135.bmp,jp2k,1.9833464296340195,84.91378457435593,0.42246698,0.31345371,55.504593
sailing1.bmp,0,img136.bmp,jp2k,2.9167533022822263,33.81064694785772,0.05319596,0.11877244,11.285979
lighthouse2.bmp,0,img137.bmp,jp2k,2.921668026025761,60.61338357551887,0.13247231,0.19284332,30.874638
sailing2.bmp,0,img138.bmp,jp2k,2.8310927377124657,56.3267477648128,0.10468016,0.19960024,24.661158
sailing2.bmp,0,img141.bmp,jp2k,2.2087697469289402,6.153192300554039,0.00471044,0.03485452,2.924755
studentsculpture.bmp,0,img142.bmp,jp2k,3.033969902950827,43.99770274794575,0.10203078,0.15893161,14.617547
manfishing.bmp,0,img143.bmp,jp2k,2.265223744456852,44.77638094880946,0.06271463,0.11646229,11.142852
house.bmp,0,img144.bmp,jp2k,2.7707040555151274,65.45198981342284,0.19079021,0.26884016,25.22526
rapids.bmp,0,img146.bmp,jp2k,1.8585286894749689,56.161238884900456,0.14488413,0.19733022,19.150011
carnivaldolls.bmp,0,img148.bmp,jp2k,2.079414261881199,11.46973848743795,0.00559702,0.02611239,3.88307
lighthouse.bmp,0,img149.bmp,jp2k,1.9944730060503983,33.11179598113043,0.05316042,0.14702038,10.927312
woman.bmp,0,img150.bmp,jp2k,2.1909071175260126,5.325990809336403,0.01451032,0.06020733,5.474045
woman.bmp,0,img152.bmp,jp2k,1.7775709667424602,62.74881178263061,0.23401576,0.25052777,25.053186
sailing3.bmp,0,img154.bmp,jp2k,3.257713213787017,68.53124109916048,0.17551056,0.22600647,37.622929
woman.bmp,0,img155.bmp,jp2k,2.6896936733617145,81.40061954776587,0.52704551,0.40655299,62.964329
buildings.bmp,0,img156.bmp,jp2k,2.892206801101394,71.45072855297293,0.29630337,0.27396391,45.925983
parrots.bmp,0,img158.bmp,jp2k,1.8512848410963514,62.580036080726586,0.09837425,0.1395354,42.977798
monarch.bmp,0,img160.bmp,jp2k,3.859535402129447,58.753804200609366,0.21642114,0.21042379,57.56266
statue.bmp,0,img162.bmp,jp2k,2.244937028873685,12.158282195710306,0.01345031,0.05179516,4.921334
building2.bmp,0,img163.bmp,jp2k,2.363845921397348,49.973083632723416,0.19142421,0.22603501,22.984121
lighthouse2.bmp,0,img164.bmp,jp2k,2.724941887410696,27.12291262526799,0.02895914,0.08210459,11.371793
dancers.bmp,0,img165.bmp,jp2k,2.931759584785287,31.170624384086207,0.03734083,0.11406256,6.764658
flowersonih35.bmp,0,img167.bmp,jp2k,2.7289881736282706,53.28198369850484,0.08434467,0.13929028,13.630269
coinsinfountain.bmp,0,img168.bmp,jp2k,2.869985394474523,53.17519436960078,0.15664328,0.20622185,20.693451
statue.bmp,0,img169.bmp,jp2k,2.3338597822997187,62.921171333425676,0.16868885,0.19839995,30.72069
dancers.bmp,0,img170.bmp,jp2k,2.8854261099779577,50.18659635541299,0.07761961,0.17604602,14.520163
studentsculpture.bmp,0,img171.bmp,jp2k,3.4214722909827726,22.217464309979974,0.03806351,0.08553763,7.33337
sailing4.bmp,0,img172.bmp,jp2k,3.000341728921187,85.01806693016354,0.34247749,0.3231934,53.700386
plane.bmp,0,img173.bmp,jp2k,2.522233999398049,19.91475165122249,0.01824592,0.07140095,5.647829
lighthouse.bmp,0,img174.bmp,jp2k,2.4606903572154666,8.059516033306664,0.00632722,0.03246406,3.455077
stream.bmp,0,img175.bmp,jp2k,2.790331469036455,85.48562881018705,0.59805092,0.37912395,48.810558
churchandcapitol.bmp,0,img176.bmp,jp2k,2.5458538330357157,27.91393339154686,0.02999562,0.08826503,8.745516
coinsinfountain.bmp,0,img177.bmp,jp2k,2.8673492624018753,79.87842062142371,0.50670571,0.35954247,96.789413
cemetry.bmp,0,img178.bmp,jp2k,3.0885492561240735,57.3881566885844,0.12972685,0.1932394,18.863131
house.bmp,0,img179.bmp,jp2k,2.051839755141803,85.22814758598726,0.33637343,0.3394179,48.415092
carnivaldolls.bmp,0,img181.bmp,jp2k,2.757412592711968,85.99580545278485,0.29366144,0.29110089,58.688057
coinsinfountain.bmp,0,img182.bmp,jp2k,3.5089737748520426,40.35229915118953,0.09418274,0.15337624,13.881972
sailing3.bmp,0,img183.bmp,jp2k,1.7952320623914535,6.9169396698473875,0.0044791,0.02777299,2.620521
sailing2.bmp,0,img185.bmp,jp2k,2.0271158682306583,14.884889320853098,0.01195184,0.04807197,4.723483
house.bmp,0,img187.bmp,jp2k,2.22757927880343,29.918572366378623,0.05249388,0.11702914,10.506578
womanhat.bmp,0,img191.bmp,jp2k,2.703796495586783,78.15701680889988,0.22643941,0.26685353,54.779434
flowersonih35.bmp,0,img192.bmp,jp2k,2.93260706818572,36.783046895916954,0.03568713,0.08093237,7.383151
caps.bmp,0,img193.bmp,jp2k,3.8848380191852003,64.20563602792637,0.13110607,0.21166617,30.814743
churchandcapitol.bmp,0,img194.bmp,jp2k,2.5767816056812665,71.78425770359317,0.24611677,0.25767935,38.068214
womanhat.bmp,0,img195.bmp,jp2k,1.6038702563726814,5.069478056203863,0.01108459,0.04940379,4.689983
paintedhouse.bmp,0,img196.bmp,jp2k,3.0469817898643132,62.73568208890111,0.13258026,0.17129274,18.140751
parrots.bmp,0,img197.bmp,jp2k,3.3931978381791197,46.32614968909792,0.03984786,0.08735041,18.143497
churchandcapitol.bmp,0,img198.bmp,jp2k,1.9635706188510489,9.471745688649861,0.00501996,0.02236384,2.800278
buildings.bmp,0,img199.bmp,jp2k,1.7477945195712756,5.003953255961413,0.01096287,0.05236304,3.877041
manfishing.bmp,0,img200.bmp,jp2k,2.653921421113447,68.36853015382121,0.22861952,0.25171203,33.244392
flowersonih35.bmp,0,img201.bmp,jp2k,2.911160379923063,91.08313008268817,0.80202769,0.44927932,92.383209
lighthouse.bmp,0,img202.bmp,jp2k,2.879982885425998,75.76154338417216,0.24236838,0.32188966,42.116791
plane.bmp,0,img203.bmp,jp2k,2.9491151030026503,41.031767097846874,0.04170781,0.12737498,11.375894
dancers.bmp,0,img205.bmp,jp2k,3.4900234871538274,12.300226616537323,0.01270635,0.05106214,3.782236
monarch.bmp,0,img208.bmp,jp2k,3.785904457303732,48.46820552061156,0.09377543,0.12934443,31.361309
paintedhouse.bmp,0,img210.bmp,jp2k,2.633904413720648,26.665408082124756,0.0369248,0.07851828,9.369721
lighthouse2.bmp,0,img211.bmp,jp2k,1.7101969632604894,7.205306730310632,0.00625108,0.03389092,3.47789
house.bmp,0,img212.bmp,jp2k,1.6260179423028869,5.5443651518750485,0.00585645,0.02885563,3.281082
sailing1.bmp,0,img213.bmp,jp2k,2.802598234737501,76.06673091499994,0.26041695,0.29690998,38.769783
sailing1.bmp,0,img214.bmp,jp2k,2.2179315446564023,7.692346791817002,0.01466525,0.05287761,4.48165
paintedhouse.bmp,0,img215.bmp,jp2k,2.423414351017992,73.31007213059178,0.27372763,0.26420079,34.992672
building2.bmp,0,img216.bmp,jp2k,2.4773827058171207,12.116677268629225,0.02276367,0.05875975,5.598301
stream.bmp,0,img217.bmp,jp2k,2.353186873596618,10.13926391720382,0.02945474,0.06763614,5.237325
studentsculpture.bmp,0,img218.bmp,jp2k,3.811279498083092,67.96320399587412,0.45605461,0.32755399,46.27787
ocean.bmp,0,img219.bmp,jp2k,2.9609792853145285,72.24909155691115,0.1591122,0.24032969,30.021685
plane.bmp,0,img220.bmp,jp2k,2.5641522029401402,70.83986290434613,0.11502294,0.23191404,32.765182
sailing4.bmp,0,img221.bmp,jp2k,2.2246402940534207,64.72585217139644,0.16132499,0.22928068,24.782873
buildings.bmp,0,img222.bmp,jp2k,2.8937260119214416,31.27751399241848,0.04089298,0.11438439,9.618162
bikes.bmp,0,img225.bmp,jp2k,2.3272478939092793,82.73289778928405,0.78036429,0.3998983,72.315224
womanhat.bmp,0,img226.bmp,jp2k,2.1715936918996186,55.520005193382154,0.11010267,0.19255363,30.823532
statue.bmp,0,img227.bmp,jp2k,2.804051036657024,70.88031632329827,0.203349,0.21946436,44.528046
womanhat.bmp,0,img1.bmp,jpeg,2.8697739830451456,52.92435457391395,0.07191565,0.15208282,10.620214
churchandcapitol.bmp,0,img2.bmp,jpeg,3.273726314128311,33.28319804594844,0.02509748,0.08967152,5.073458
churchandcapitol.bmp,0,img4.bmp,jpeg,2.184182829572506,87.8267449661924,0.22782159,0.25626244,19.36705
ocean.bmp,0,img8.bmp,jpeg,2.6446998758866136,14.344775300339105,0.01324492,0.05899229,3.199396
rapids.bmp,0,img9.bmp,jpeg,2.6236433986699867,59.74032431349464,0.0943141,0.16663203,13.308433
statue.bmp,0,img11.bmp,jpeg,2.8824873903994237,53.951334760512935,0.09595924,0.15678505,12.446
statue.bmp,0,img13.bmp,jpeg,3.261394183877893,-0.1946068687639695,0.00186427,0.01636824,1.567486
carnivaldolls.bmp,0,img14.bmp,jpeg,1.7776278919992186,4.326856120694956,0.00214772,0.01894436,3.137279
sailing4.bmp,0,img15.bmp,jpeg,4.030891839187029,41.36730112939379,0.04177046,0.11011885,6.14786
stream.bmp,0,img16.bmp,jpeg,5.366524870664442,47.80251084716316,0.1041063,0.18291219,8.643299
plane.bmp,0,img17.bmp,jpeg,2.6006946622051887,4.495168881480339,0.00196741,0.01635015,1.458895
monarch.bmp,0,img18.bmp,jpeg,3.2291435448165497,47.285871717563985,0.07907921,0.11827203,13.253491
churchandcapitol.bmp,0,img21.bmp,jpeg,3.042793204234477,50.1232463479616,0.04962586,0.1257344,6.611957
paintedhouse.bmp,0,img23.bmp,jpeg,1.7452054819025948,79.95944789006504,0.17426873,0.20935539,16.697279
caps.bmp,0,img24.bmp,jpeg,3.5777632349569437,12.56494613089226,0.00715743,0.03646737,4.036976
plane.bmp,0,img25.bmp,jpeg,3.033767654839691,35.4156346289015,0.02316049,0.08731969,5.168077
flowersonih35.bmp,0,img27.bmp,jpeg,2.9164474086462295,34.31539467108672,0.03597067,0.09477976,5.195152
bikes.bmp,0,img29.bmp,jpeg,2.222673153822281,63.690729469898855,0.26247703,0.27153072,21.641273
ocean.bmp,0,img30.bmp,jpeg,1.3527374543391228,6.601376948035167,0.0011863,0.01054125,1.171662
parrots.bmp,0,img32.bmp,jpeg,2.899760663371106,33.49425871523598,0.03261474,0.07497515,8.816927
manfishing.bmp,0,img33.bmp,jpeg,3.067736950102083,42.614722076241115,0.05077767,0.11081884,6.498094
rapids.bmp,0,img35.bmp,jpeg,2.5071432342822457,75.29290636099799,0.18063566,0.23228217,16.785105
building2.bmp,0,img36.bmp,jpeg,3.1019404541242093,72.0575019048246,0.22590077,0.26316234,21.40016
sailing4.bmp,0,img37.bmp,jpeg,2.2853597897375084,64.62638897500841,0.11373003,0.19756213,12.480968
sailing3.bmp,0,img38.bmp,jpeg,2.702219642052051,18.02857959226172,0.00947811,0.04710581,3.714382
dancers.bmp,0,img39.bmp,jpeg,3.409570236373633,50.40120766199397,0.07092728,0.16194583,11.410149
plane.bmp,0,img40.bmp,jpeg,2.257680052582808,12.654106278200903,0.00664223,0.03968924,3.290424
dancers.bmp,0,img41.bmp,jpeg,4.19826586140564,59.873965229834056,0.12863954,0.22386972,16.103724
buildings.bmp,0,img43.bmp,jpeg,3.0781338576987416,41.47905246219578,0.07386543,0.15630543,9.188155
lighthouse.bmp,0,img44.bmp,jpeg,2.6194324436690546,38.18877059392042,0.06113674,0.14772837,9.513603
studentsculpture.bmp,0,img45.bmp,jpeg,3.284596770641428,34.439397588231365,0.05173407,0.11696363,5.681733
cemetry.bmp,0,img46.bmp,jpeg,3.4871060159320875,72.81442149222269,0.25451181,0.26935625,22.142975
sailing4.bmp,0,img47.bmp,jpeg,3.0073042395897875,48.528157253793196,0.06335686,0.14328543,7.535708
coinsinfountain.bmp,0,img49.bmp,jpeg,2.505835919856646,32.754563027117996,0.05629277,0.11876424,7.718482
house.bmp,0,img50.bmp,jpeg,2.8751390424864485,57.08857633912254,0.11971257,0.19850803,11.705327
house.bmp,0,img51.bmp,jpeg,2.952813576030159,28.944995605272247,0.03795128,0.10045815,6.520398
studentsculpture.bmp,0,img53.bmp,jpeg,2.9558738383581504,10.226303647528617,0.00828766,0.04406731,2.366371
cemetry.bmp,0,img55.bmp,jpeg,2.1002603313548636,33.240480634782365,0.04148329,0.10235348,4.983869
paintedhouse.bmp,0,img56.bmp,jpeg,3.074219335377136,32.00986641270259,0.04501843,0.10082924,6.746634
lighthouse.bmp,0,img57.bmp,jpeg,1.8591223522497122,-2.6400150164096132,0.00258566,0.02077492,1.581241
woman.bmp,0,img58.bmp,jpeg,2.185004363282337,10.554131539493454,0.0045162,0.03559494,2.118429
studentsculpture.bmp,0,img59.bmp,jpeg,3.0575727852099313,33.58553766172936,0.04568654,0.10834193,5.605457
building2.bmp,0,img60.bmp,jpeg,2.722625711100326,45.8290134752761,0.09903639,0.17225416,9.94659
dancers.bmp,0,img61.bmp,jpeg,3.177472369632796,9.1741835265355,0.00472459,0.03394428,3.701772
building2.bmp,0,img62.bmp,jpeg,3.5383029793830225,67.83771180597611,0.22590077,0.26316234,21.40016
caps.bmp,0,img63.bmp,jpeg,3.8910247257236814,30.00260877004913,0.02840831,0.0853935,8.639958
lighthouse2.bmp,0,img64.bmp,jpeg,2.6241126480364065,3.2142639437019938,0.00333445,0.0278395,2.035382
woman.bmp,0,img65.bmp,jpeg,2.803615407414995,53.38597873417673,0.1231315,0.18798453,12.070529
sailing2.bmp,0,img67.bmp,jpeg,2.638941570397618,21.662276200071243,0.01557154,0.06113832,5.407264
lighthouse2.bmp,0,img69.bmp,jpeg,4.138204290624474,48.86921270308122,0.05730691,0.11866469,8.756627
statue.bmp,0,img70.bmp,jpeg,2.7892618663817554,-0.12771347553550072,0.0026815,0.02141031,1.948957
sailing1.bmp,0,img71.bmp,jpeg,3.163898810013688,16.917691044533527,0.02112812,0.07320768,4.205756
parrots.bmp,0,img72.bmp,jpeg,2.155322084830696,12.004960528290617,0.00491485,0.0276424,2.819443
coinsinfountain.bmp,0,img73.bmp,jpeg,3.2212269568235157,36.604170671940494,0.08522904,0.15174832,9.733663
flowersonih35.bmp,0,img74.bmp,jpeg,3.053779340549586,5.51411590094478,0.00343537,0.0285902,2.208585
house.bmp,0,img75.bmp,jpeg,3.3954877909580623,51.3960375162062,0.09788041,0.1735784,9.923738
bikes.bmp,0,img77.bmp,jpeg,2.656321318748371,53.2796828380246,0.14468589,0.20031878,16.303152
cemetry.bmp,0,img78.bmp,jpeg,4.172001262784754,72.32423365260935,0.25451181,0.26935625,22.142975
flowersonih35.bmp,0,img79.bmp,jpeg,2.5940135058047225,89.53004585169111,0.36791593,0.31166894,27.827003
carnivaldolls.bmp,0,img80.bmp,jpeg,2.9059702715219475,67.77811693105684,0.1185308,0.17542778,23.613037
bikes.bmp,0,img81.bmp,jpeg,2.744179369385934,43.03955573949191,0.08905109,0.15292398,10.450706
sailing3.bmp,0,img83.bmp,jpeg,3.357753382824215,28.507933641096496,0.01937242,0.06885716,5.667345
buildings.bmp,0,img84.bmp,jpeg,2.7051009327246436,46.146808723433985,0.07386543,0.15630543,9.188155
stream.bmp,0,img85.bmp,jpeg,4.154673534646397,64.18240178201884,0.16814139,0.23866687,14.582246
lighthouse.bmp,0,img86.bmp,jpeg,2.4898168965574943,42.57624280517876,0.0730637,0.16443649,8.38281
womanhat.bmp,0,img89.bmp,jpeg,2.264674913921824,36.284648557807834,0.03976891,0.1135279,9.570508
buildings.bmp,0,img90.bmp,jpeg,2.478979249445216,42.04320025216914,0.07386543,0.15630543,9.188155
paintedhouse.bmp,0,img91.bmp,jpeg,2.590186266581008,78.97568682896502,0.17426873,0.20935539,16.697279
manfishing.bmp,0,img92.bmp,jpeg,3.467134337100712,48.37469886200194,0.09073028,0.15327546,10.39186
manfishing.bmp,0,img93.bmp,jpeg,4.147144131494865,58.589684139333414,0.1407954,0.19752247,13.126886
monarch.bmp,0,img94.bmp,jpeg,2.9211049918796785,14.62195076567486,0.01103003,0.04412757,6.985293
monarch.bmp,0,img96.bmp,jpeg,2.3840279859047615,3.9212125972238567,0.00159188,0.01713924,2.826406
lighthouse2.bmp,0,img97.bmp,jpeg,1.9502872541544571,5.308643571535107,0.00244507,0.02425127,1.68054
ocean.bmp,0,img98.bmp,jpeg,2.957743526264003,19.871604986952033,0.01495026,0.06404345,3.643285
sailing2.bmp,0,img99.bmp,jpeg,2.0669162028899035,42.27140041690989,0.05511042,0.11865373,8.487122
stream.bmp,0,img100.bmp,jpeg,3.6578676381401944,81.2026938220347,0.30055766,0.31477357,20.64275
coinsinfountain.bmp,0,img101.bmp,jpeg,3.0163844442524246,10.252515880885852,0.00896499,0.04023948,3.463408
sailing1.bmp,0,img102.bmp,jpeg,2.940613305971161,14.726130517984881,0.02086286,0.07246523,3.972051
parrots.bmp,0,img103.bmp,jpeg,3.467280802582761,37.78061796136218,0.03757003,0.08090479,9.002641
carnivaldolls.bmp,0,img104.bmp,jpeg,2.2892371460477925,67.40278120147042,0.1185308,0.17542778,23.613037
caps.bmp,0,img105.bmp,jpeg,3.169806532837332,33.96635629198161,0.02582053,0.07999419,7.463428
sailing1.bmp,0,img106.bmp,jpeg,2.696096625271956,3.2197367648266635,0.00167664,0.01486427,1.432866
womanhat.bmp,0,img107.bmp,jpeg,1.627468483273525,25.83817914298309,0.0250544,0.08997159,6.888269
sailing3.bmp,0,img108.bmp,jpeg,3.700266441499402,53.61612003847755,0.06085082,0.12103828,8.595501
rapids.bmp,0,img110.bmp,jpeg,3.058439180149158,40.313192795130504,0.03062913,0.08893345,7.53486
sailing2.bmp,0,img111.bmp,jpeg,1.924140547998191,36.936772747192386,0.03174736,0.08626373,7.552902
woman.bmp,0,img116.bmp,jpeg,2.7552669740337303,8.406881996436613,0.00322924,0.02915013,1.995976
cemetry.bmp,0,img117.bmp,jpeg,2.600426091851612,24.492692678265385,0.01462416,0.05872436,3.182091
dancers.bmp,0,img119.bmp,jpeg,2.781318877760069,36.46779215661733,0.02018965,0.07926515,6.511923
house.bmp,0,img120.bmp,jpeg,1.9983014710773483,13.720589197831565,0.00891355,0.0434905,2.74122
sailing1.bmp,0,img121.bmp,jpeg,3.729769060184537,46.661554457382735,0.0504735,0.1235702,7.69343
sailing2.bmp,0,img124.bmp,jpeg,2.7476817331528682,91.8585232966015,0.34914759,0.3126811,44.500343
caps.bmp,0,img126.bmp,jpeg,1.763389233040448,91.83072941409385,0.32642699,0.29230655,40.663586
studentsculpture.bmp,0,img127.bmp,jpeg,2.383114540555449,90.06909938102645,0.52262122,0.37224865,36.36515
cemetry.bmp,0,img128.bmp,jpeg,2.227041117454034,52.32392778595446,0.09254823,0.15866686,9.864725
coinsinfountain.bmp,0,img129.bmp,jpeg,3.6827224155835903,76.55613665524052,0.24463038,0.26897448,20.34486
statue.bmp,0,img130.bmp,jpeg,2.0010534892339966,11.018019466557469,0.00801178,0.04195767,3.39941
lighthouse.bmp,0,img131.bmp,jpeg,1.9575808208464132,89.84228100588449,0.42582859,0.37119164,39.744267
churchandcapitol.bmp,0,img132.bmp,jpeg,1.795554001395216,11.71563815997088,0.00698149,0.04205644,3.129773
flowersonih35.bmp,0,img134.bmp,jpeg,3.7550403271468085,72.35535092106369,0.12874538,0.18560155,12.648181
manfishing.bmp,0,img135.bmp,jpeg,2.9431631435016703,8.62310279882778,0.00649023,0.03475009,2.901135
stream.bmp,0,img137.bmp,jpeg,2.353728560748593,9.808299742983458,0.01988207,0.06667958,3.770621
womanhat.bmp,0,img138.bmp,jpeg,2.538169463837766,94.52975239220282,0.47480959,0.352247,49.413631
lighthouse2.bmp,0,img141.bmp,jpeg,3.299328133299746,14.731573993200833,0.00861684,0.04155307,3.169167
ocean.bmp,0,img143.bmp,jpeg,2.4151567485142578,6.837113454327479,0.00562465,0.03393515,2.317206
sailing2.bmp,0,img144.bmp,jpeg,2.4876598335159223,8.547930933970449,0.00411299,0.03298479,2.337647
sailing3.bmp,0,img145.bmp,jpeg,2.4918778859861668,100.24091440063674,0.42438558,0.31674766,45.923248
rapids.bmp,0,img146.bmp,jpeg,2.6621708940326743,26.185666958535705,0.01276959,0.05275536,3.862098
house.bmp,0,img147.bmp,jpeg,2.435099812407334,100.91708991281492,0.50309585,0.39720814,48.322262
manfishing.bmp,0,img148.bmp,jpeg,3.2862535269716924,92.90511853394918,0.41594491,0.32220442,37.805668
parrots.bmp,0,img149.bmp,jpeg,2.121779676353792,63.46863408758387,0.11557676,0.1508385,16.714678
woman.bmp,0,img150.bmp,jpeg,3.357454103639275,27.261974430150573,0.02058521,0.07916448,4.034926
house.bmp,0,img151.bmp,jpeg,2.823710401165441,8.066866303180433,0.00549071,0.03199816,2.273849
paintedhouse.bmp,0,img152.bmp,jpeg,3.9896374303903808,55.04442894789427,0.08862326,0.14758607,11.114672
womanhat.bmp,0,img154.bmp,jpeg,2.0292793308312116,97.50877362944289,0.45534825,0.34406272,49.390862
ocean.bmp,0,img156.bmp,jpeg,2.9762754362816874,59.64918850292218,0.09393593,0.17680642,10.036819
buildings.bmp,0,img157.bmp,jpeg,1.527514614195095,13.703159478546446,0.01057807,0.05157426,3.519764
caps.bmp,0,img159.bmp,jpeg,2.8002934998489564,91.34350033825854,0.32642699,0.29230655,40.663586
house.bmp,0,img160.bmp,jpeg,2.6854640623452153,95.5184845722614,0.50309585,0.39720814,48.322262
lighthouse.bmp,0,img161.bmp,jpeg,2.3238862899623713,90.43420904041339,0.40665995,0.36240078,39.716473
buildings.bmp,0,img162.bmp,jpeg,2.875596952361634,88.14234661943546,0.3274932,0.30070462,34.623692
buildings.bmp,0,img163.bmp,jpeg,2.708679328961954,28.821989373974375,0.02765067,0.0896453,4.423793
ocean.bmp,0,img164.bmp,jpeg,3.252259841939146,108.77257436149551,0.47456202,0.36301475,41.136185
plane.bmp,0,img165.bmp,jpeg,2.7045841028122153,58.335170619177745,0.05395553,0.14499957,9.976617
sailing4.bmp,0,img166.bmp,jpeg,3.2134248616009917,95.0385986077363,0.48907566,0.36860027,52.746433
woman.bmp,0,img167.bmp,jpeg,3.3343271183336856,75.99002346051728,0.29787947,0.28165791,23.653465
womanhat.bmp,0,img168.bmp,jpeg,1.9453193002931417,11.312092615683753,0.00641098,0.04047103,2.998549
monarch.bmp,0,img170.bmp,jpeg,2.5458489316222734,83.55329291418636,0.34516159,0.26598296,41.367725
building2.bmp,0,img171.bmp,jpeg,2.3673980657691747,18.143107738796367,0.01410143,0.05653633,3.622239
manfishing.bmp,0,img174.bmp,jpeg,3.0611349191629764,19.465821038563057,0.01886534,0.0618885,4.552575
sailing1.bmp,0,img175.bmp,jpeg,4.153532408677105,70.50244384897171,0.17490361,0.24455932,17.636862
carnivaldolls.bmp,0,img176.bmp,jpeg,1.9280346963119803,90.00784725087408,0.33300595,0.30018575,34.066761
sailing2.bmp,0,img177.bmp,jpeg,2.712463873321741,89.89062469317183,0.32648618,0.29751361,44.119534
monarch.bmp,0,img178.bmp,jpeg,2.3253639253337752,25.222785826131556,0.01802751,0.05555409,6.849605
studentsculpture.bmp,0,img180.bmp,jpeg,2.2952102592918444,91.24663994961543,0.52262122,0.37224865,36.36515
lighthouse2.bmp,0,img181.bmp,jpeg,2.3373325819894406,78.16782270134613,0.19673708,0.23357634,24.169407
bikes.bmp,0,img183.bmp,jpeg,2.148762577910232,84.88609788754106,0.51928752,0.36158507,47.39658
coinsinfountain.bmp,0,img184.bmp,jpeg,1.870055366270666,92.52520895124621,0.47863965,0.36405468,45.505173
stream.bmp,0,img185.bmp,jpeg,3.3389693079266247,26.71821304692204,0.04509592,0.11007741,6.019703
dancers.bmp,0,img186.bmp,jpeg,2.427177241340075,89.23441705756257,0.40235319,0.35394817,41.225983
dancers.bmp,0,img187.bmp,jpeg,3.122099047182516,91.61747826509418,0.40235319,0.35394817,41.225983
bikes.bmp,0,img188.bmp,jpeg,2.3138950471044137,83.03358943312271,0.44950391,0.3437895,42.20153
building2.bmp,0,img192.bmp,jpeg,2.495499466447168,93.03653291816838,0.49534588,0.3770847,45.446491
ocean.bmp,0,img194.bmp,jpeg,2.920539651433121,34.60644513743412,0.03890433,0.11131082,6.514062
churchandcapitol.bmp,0,img195.bmp,jpeg,3.004802309924213,97.24677520689923,0.39246034,0.32162617,48.951725
parrots.bmp,0,img196.bmp,jpeg,3.530999116600826,91.590670464724,0.36254162,0.25648086,35.987759
sailing4.bmp,0,img197.bmp,jpeg,2.4302278823435812,94.63456567363843,0.48907566,0.36860027,52.746433
flowersonih35.bmp,0,img198.bmp,jpeg,3.4326507971785305,16.644122962021108,0.01088647,0.05114734,3.784765
rapids.bmp,0,img199.bmp,jpeg,3.010656253374724,95.80804387069,0.53216325,0.3559615,40.957882
studentsculpture.bmp,0,img200.bmp,jpeg,3.861012216061926,63.30761338204381,0.15118743,0.20573425,12.930232
plane.bmp,0,img201.bmp,jpeg,2.5338354601096844,88.92048271630968,0.25071467,0.29656106,48.758179
bikes.bmp,0,img203.bmp,jpeg,3.3100012717591154,28.5502551905385,0.03046037,0.07811458,8.268688
buildings.bmp,0,img204.bmp,jpeg,2.6223910575482887,89.6422329700044,0.37256218,0.31588225,38.102047
building2.bmp,0,img205.bmp,jpeg,3.5866830559363096,88.2209328213845,0.41530591,0.34758265,39.457649
sailing3.bmp,0,img206.bmp,jpeg,1.9516924177633803,11.739931694595015,0.00334459,0.02715436,2.417663
caps.bmp,0,img207.bmp,jpeg,2.00661782807615,70.02463837460913,0.14504021,0.19383069,21.238333
monarch.bmp,0,img209.bmp,jpeg,2.9582044167902493,88.77366918617133,0.34516159,0.26598296,41.367725
sailing1.bmp,0,img210.bmp,jpeg,3.633824602201884,97.42810231821008,0.49466813,0.38007902,41.208733
cemetry.bmp,0,img213.bmp,jpeg,2.71759397282532,85.98716482193281,0.53538959,0.38675525,43.398254
sailing4.bmp,0,img214.bmp,jpeg,2.2876609881780743,14.430548416582262,0.01028288,0.04656245,2.916416
paintedhouse.bmp,0,img215.bmp,jpeg,3.1397048108468253,102.70082156574153,0.49116123,0.3478742,39.166954
carnivaldolls.bmp,0,img216.bmp,jpeg,2.5633916960614163,20.934069322543586,0.01336483,0.05248419,8.575805
stream.bmp,0,img217.bmp,jpeg,2.2720253728990247,101.27286341299555,0.65468348,0.43910365,50.697048
statue.bmp,0,img218.bmp,jpeg,2.137200831784356,92.65269870718299,0.47315482,0.32930069,38.857571
woman.bmp,0,img220.bmp,jpeg,2.987829456438813,88.66925863108538,0.62775206,0.40510757,41.532909
statue.bmp,0,img221.bmp,jpeg,1.8556038518340194,93.81353439730438,0.47315482,0.32930069,38.857571
sailing3.bmp,0,img223.bmp,jpeg,2.385012008541453,99.9719981674867,0.42438558,0.31674766,45.923248
building2.bmp,0,img225.bmp,jpeg,3.7385095442620386,32.713131566176116,0.04119805,0.1035797,5.726933
bikes.bmp,0,img226.bmp,jpeg,2.537242432762228,17.78062954880489,0.01578766,0.05138945,4.632821
paintedhouse.bmp,0,img228.bmp,jpeg,3.7257355523891476,15.783100447893545,0.01062672,0.04547139,3.554569
flowersonih35.bmp,0,img229.bmp,jpeg,2.523675875472376,73.10480214469187,0.10909829,0.1720934,11.995154
coinsinfountain.bmp,0,img230.bmp,jpeg,2.175690573590204,90.8843446287281,0.47863965,0.36405468,45.505173
lighthouse.bmp,0,img231.bmp,jpeg,2.4697323175748815,13.033490455438155,0.00946817,0.04899926,3.161233
lighthouse2.bmp,0,img232.bmp,jpeg,2.353273195234952,93.19974618228805,0.39954468,0.32316357,36.806858
parrots.bmp,0,img233.bmp,jpeg,2.607069902500553,87.78082391853036,0.36254162,0.25648086,35.987759
monarch.bmp,0,img1.bmp,wn,2.6419880473591713,29.04653971785669,0.03190213,0.22274781,6.723107
stream.bmp,0,img2.bmp,wn,2.6114130835303664,64.7619409950328,0.35215048,0.44927015,17.560738
womanhat.bmp,0,img3.bmp,wn,2.639249328610328,44.78193070765691,0.03881086,0.18434339,6.801815
buildings.bmp,0,img4.bmp,wn,1.1782810412466813,105.36416799729716,5.04067946,1.0,65.208084
sailing3.bmp,0,img5.bmp,wn,1.9877201014467054,18.148429410111873,0.01249755,0.08670979,3.532623
lighthouse2.bmp,0,img6.bmp,wn,2.8355189278797015,28.91034396173228,0.03333797,0.20491523,6.008175
woman.bmp,0,img7.bmp,wn,2.609730220554104,67.62651762533173,0.60655259,0.60948085,29.958862
coinsinfountain.bmp,0,img8.bmp,wn,2.5417278474037706,15.537140817336706,0.02110835,0.10241366,4.934827
cemetry.bmp,0,img9.bmp,wn,2.3904758879775834,63.02744749154707,0.33762909,0.4890262,22.980427
plane.bmp,0,img10.bmp,wn,2.7237104552948384,33.4482460351677,0.03678943,0.18957118,7.169588
womanhat.bmp,0,img11.bmp,wn,2.5623028561720407,23.03858179465982,0.01035946,0.07204009,3.502445
sailing2.bmp,0,img12.bmp,wn,2.681274586686019,46.19136201986183,0.10678039,0.36544323,11.927197
churchandcapitol.bmp,0,img13.bmp,wn,2.497142412716122,21.927888248041903,0.00907074,0.08153353,3.742994
carnivaldolls.bmp,0,img14.bmp,wn,2.3652042809743214,14.775415943838567,0.00823303,0.09943212,4.121674
dancers.bmp,0,img15.bmp,wn,2.1227481071952936,93.91355403240952,1.33023837,0.87322769,52.556953
studentsculpture.bmp,0,img16.bmp,wn,3.1972366904721694,40.79594818906652,0.06544872,0.20021843,8.203115
monarch.bmp,0,img17.bmp,wn,2.4493955125873126,51.406684831170054,0.23021318,0.51546243,20.307482
churchandcapitol.bmp,0,img18.bmp,wn,2.0909752980772955,35.32176832792063,0.02747436,0.17748127,7.164034
studentsculpture.bmp,0,img19.bmp,wn,2.068559712169406,13.494986288484718,0.00719434,0.04755797,3.327634
churchandcapitol.bmp,0,img20.bmp,wn,1.597754828772944,111.77469352631448,3.69439605,1.0,66.617798
ocean.bmp,0,img21.bmp,wn,2.5298880554017895,61.681001518022924,0.2687718,0.500718,21.778713
parrots.bmp,0,img22.bmp,wn,1.8064543591278939,29.05160906556435,0.03293099,0.2195005,7.256078
cemetry.bmp,0,img23.bmp,wn,2.3365549960730574,109.62708401221437,4.18766306,1.0,69.016624
coinsinfountain.bmp,0,img24.bmp,wn,2.283028147760961,94.03481633826047,2.93853613,1.0,74.475121
statue.bmp,0,img25.bmp,wn,2.4587377186484862,49.8342340456356,0.25269887,0.48100365,19.049303
paintedhouse.bmp,0,img26.bmp,wn,3.4336081408640475,61.62614194844081,0.24566729,0.42944058,21.106722
dancers.bmp,0,img27.bmp,wn,3.332670749250308,47.72741274693893,0.10388858,0.31187083,11.209181
womanhat.bmp,0,img28.bmp,wn,2.3724419896483435,58.41045583984596,0.17574272,0.40043029,14.869989
bikes.bmp,0,img29.bmp,wn,2.417277569927141,74.6356854930016,0.74829103,0.6581229,39.117336
dancers.bmp,0,img30.bmp,wn,2.8278344672504137,33.19702721082979,0.03240972,0.18030841,6.503682
coinsinfountain.bmp,0,img31.bmp,wn,3.1281828528318494,27.51459903168142,0.05110583,0.18133017,7.758964
lighthouse2.bmp,0,img32.bmp,wn,2.641193484663869,60.27965391746516,0.41267059,0.59256764,26.370052
woman.bmp,0,img33.bmp,wn,2.3080176074695404,102.72368546631967,4.7235515,1.0,67.257538
monarch.bmp,0,img34.bmp,wn,2.2500928393137056,94.4100904010743,2.28351339,1.0,65.836876
woman.bmp,0,img35.bmp,wn,2.6998911574260047,38.087797760154245,0.05361379,0.20791707,6.709653
building2.bmp,0,img36.bmp,wn,2.536857192564833,71.21218202942677,0.55308085,0.55685893,32.343536
manfishing.bmp,0,img37.bmp,wn,2.8704269769617,28.617188359415515,0.03499017,0.17961364,6.087603
house.bmp,0,img38.bmp,wn,2.7772655950232568,66.53165048509287,0.46036825,0.58459694,24.143959
paintedhouse.bmp,0,img39.bmp,wn,1.9859399081506253,71.76021293669349,0.65422036,0.63857175,38.273537
lighthouse.bmp,0,img40.bmp,wn,2.776581609476153,48.05993884502848,0.09471335,0.32979453,9.912436
manfishing.bmp,0,img41.bmp,wn,2.760526602427794,100.23878414456692,3.91957087,1.0,75.856384
ocean.bmp,0,img42.bmp,wn,1.7956982796100016,107.65033077751622,3.11149953,1.0,72.166214
lighthouse.bmp,0,img43.bmp,wn,1.898770221186645,20.295948373068647,0.01113298,0.08640764,3.457891
studentsculpture.bmp,0,img44.bmp,wn,3.6289907424272605,72.84561785296995,0.86782321,0.71267388,41.478321
cemetry.bmp,0,img45.bmp,wn,2.2661783932744233,26.989633874164532,0.02793256,0.13044819,5.048295
buildings.bmp,0,img46.bmp,wn,2.5457136482941642,37.341496135801734,0.05019672,0.18991883,9.175549
carnivaldolls.bmp,0,img47.bmp,wn,1.8291864047967001,104.40801605101547,3.18359583,1.0,78.715843
building2.bmp,0,img48.bmp,wn,2.335392337060769,34.5029166994517,0.04185069,0.13592298,6.077017
flowersonih35.bmp,0,img49.bmp,wn,2.5444513098184434,75.24580813267,0.46042756,0.59054946,34.763424
dancers.bmp,0,img50.bmp,wn,2.429653043355695,79.43613206888192,0.76429224,0.69717367,42.665501
dancers.bmp,0,img51.bmp,wn,2.0562739343211778,73.83502971471134,0.44031498,0.55724878,33.840767
sailing1.bmp,0,img52.bmp,wn,2.0746916284927717,97.51209513726754,3.10855019,1.0,70.638885
flowersonih35.bmp,0,img53.bmp,wn,2.4117720032721652,95.34370094075177,1.46616127,0.91729625,49.524834
house.bmp,0,img54.bmp,wn,2.241177403708036,20.5274846951256,0.01100889,0.07862061,3.533335
statue.bmp,0,img55.bmp,wn,1.8324399900812403,36.475636915268524,0.06126825,0.26111864,7.958039
sailing1.bmp,0,img56.bmp,wn,2.64788494145904,35.64458484067259,0.04971171,0.22321458,7.221879
studentsculpture.bmp,0,img57.bmp,wn,2.673410038495945,97.69957653577356,4.88871167,1.0,58.359337
sailing3.bmp,0,img58.bmp,wn,2.1084710324813343,106.3698573635383,3.07079493,1.0,73.288513
manfishing.bmp,0,img59.bmp,wn,1.9767345416603037,11.037306278232428,0.00519237,0.04894029,3.064132
womanhat.bmp,0,img60.bmp,wn,1.5709611855752659,97.65698241414981,2.45432061,1.0,60.229565
buildings.bmp,0,img61.bmp,wn,3.1250027221616317,78.47085391287106,0.83711054,0.71417999,47.627449
churchandcapitol.bmp,0,img62.bmp,wn,2.1095694880182827,62.92970737500086,0.26500252,0.48032149,23.893524
cemetry.bmp,0,img63.bmp,wn,2.2053189461564724,41.035510546118466,0.06562137,0.22008706,8.84766
caps.bmp,0,img64.bmp,wn,2.7184371527551416,18.611094569023102,0.00915263,0.07632996,4.150988
cemetry.bmp,0,img65.bmp,wn,3.1553208037816463,70.94998870953438,0.51865392,0.59138457,24.974483
lighthouse.bmp,0,img66.bmp,wn,1.606946053028173,99.45910509660351,2.30991098,1.0,58.324482
parrots.bmp,0,img67.bmp,wn,2.13271171570999,47.44842540432511,0.1106594,0.39855078,13.462984
bikes.bmp,0,img68.bmp,wn,2.852663451197836,45.829078985831195,0.11498051,0.2973237,12.527363
parrots.bmp,0,img69.bmp,wn,2.6218968245456784,61.6158088994382,0.33947223,0.57716478,26.963696
house.bmp,0,img70.bmp,wn,2.840500500491151,41.31695798429712,0.05695273,0.23389761,7.425998
carnivaldolls.bmp,0,img71.bmp,wn,1.7479047506625771,63.45931896527788,0.23425431,0.51223429,20.084267
flowersonih35.bmp,0,img72.bmp,wn,1.462918218692957,45.00432810746642,0.05758591,0.26844928,11.084955
manfishing.bmp,0,img73.bmp,wn,2.8375231659754343,69.02754430690878,0.49628083,0.58536151,31.125061
rapids.bmp,0,img74.bmp,wn,2.9134222446241664,54.62805994606417,0.24567223,0.43302286,17.310303
parrots.bmp,0,img75.bmp,wn,2.268803248074279,15.271352054362957,0.0050058,0.05253559,2.838898
sailing1.bmp,0,img76.bmp,wn,2.7995419098844954,20.007483290527425,0.013799,0.09707513,4.072354
rapids.bmp,0,img77.bmp,wn,1.9516841080209035,94.20486814584287,2.76452419,1.0,88.545944
plane.bmp,0,img78.bmp,wn,3.009098605828305,15.388646901982973,0.00865177,0.0689628,3.727207
sailing1.bmp,0,img79.bmp,wn,2.9029108599641575,55.06753054284376,0.26265816,0.48859621,18.755476
caps.bmp,0,img80.bmp,wn,2.3499769156561117,97.2694715798371,2.35811198,1.0,83.730858
sailing2.bmp,0,img81.bmp,wn,2.8087573522329765,21.61052934761817,0.00812439,0.07057812,2.850724
monarch.bmp,0,img82.bmp,wn,2.1727909353796964,21.195283028480475,0.02000331,0.16494161,5.177638
house.bmp,0,img83.bmp,wn,2.420761784791864,71.54037129415151,0.7554215,0.70661873,32.34668
sailing3.bmp,0,img84.bmp,wn,2.2922375599161326,31.24987494201788,0.03062179,0.16682334,5.449959
statue.bmp,0,img85.bmp,wn,1.981567196544068,13.666943331193622,0.00766405,0.06358442,2.851826
sailing4.bmp,0,img86.bmp,wn,2.993245815368399,57.39305471032276,0.30143109,0.50865722,22.851021
bikes.bmp,0,img87.bmp,wn,1.866577444408603,105.10166413396246,6.33639979,1.0,68.774086
stream.bmp,0,img88.bmp,wn,3.018938875433717,39.10614097745931,0.05823843,0.17768882,7.565085
sailing3.bmp,0,img89.bmp,wn,2.369085883590642,57.538603283146436,0.25625495,0.47953577,16.522251
carnivaldolls.bmp,0,img90.bmp,wn,1.8627435483563792,39.71346655802711,0.03920981,0.27131845,8.390417
statue.bmp,0,img91.bmp,wn,2.043116402709843,67.19437758924813,0.60599279,0.66318937,35.343422
coinsinfountain.bmp,0,img92.bmp,wn,2.7350479618293075,69.06535116986018,0.58209494,0.60233046,37.422131
churchandcapitol.bmp,0,img93.bmp,wn,2.597878021215324,73.54583611585835,0.48978867,0.61118091,33.816654
paintedhouse.bmp,0,img94.bmp,wn,1.854614383649332,106.81758994591208,4.43316784,1.0,71.965141
bikes.bmp,0,img95.bmp,wn,2.0555348714915973,23.508406616286706,0.02276276,0.12257927,5.417616
lighthouse.bmp,0,img96.bmp,wn,3.0639875829279823,69.26005385452565,0.44740902,0.60766163,26.742464
bikes.bmp,0,img97.bmp,wn,2.3459626527263118,65.70698388517809,0.55356811,0.5799937,31.149561
woman.bmp,0,img98.bmp,wn,2.1298236366322874,13.266839820800243,0.00684026,0.05024564,2.445126
ocean.bmp,0,img99.bmp,wn,2.1363097733169947,12.137833909830341,0.00472578,0.04487986,2.626315
sailing4.bmp,0,img100.bmp,wn,2.787472556069204,38.595687634018724,0.05985027,0.26187968,9.44128
rapids.bmp,0,img101.bmp,wn,2.2417326693994015,11.166482886698198,0.00958347,0.06828917,3.699323
building2.bmp,0,img102.bmp,wn,2.876968807202124,50.194325232236274,0.11990617,0.25757662,10.693795
buildings.bmp,0,img103.bmp,wn,2.743005591509138,22.884871051304934,0.01626969,0.09963019,5.002801
parrots.bmp,0,img104.bmp,wn,1.752175249883756,99.6615285081197,2.36034311,1.0,81.25032
plane.bmp,0,img105.bmp,wn,1.945393913789361,93.86859240789695,1.79359553,1.0,70.24527
stream.bmp,0,img106.bmp,wn,3.5227156165380875,77.63344919424672,0.73062739,0.63179101,29.200064
rapids.bmp,0,img107.bmp,wn,3.523027448317158,33.63370982301589,0.04912732,0.19969529,7.421751
lighthouse2.bmp,0,img108.bmp,wn,2.255321687887606,55.535575649060156,0.26542266,0.50692335,19.919353
house.bmp,0,img109.bmp,wn,2.173939738025519,58.66034224093095,0.29249932,0.49002067,18.70833
caps.bmp,0,img110.bmp,wn,2.524804133799394,51.67024428176386,0.1159787,0.3724732,13.014198
paintedhouse.bmp,0,img111.bmp,wn,2.5673024055654925,43.298016309826934,0.07392295,0.24845837,10.602804
studentsculpture.bmp,0,img112.bmp,wn,2.119029236445451,62.69095740904541,0.36082052,0.4809572,25.553766
sailing2.bmp,0,img113.bmp,wn,2.582085877413812,97.92469225647716,2.04100873,1.0,72.20681
lighthouse.bmp,0,img114.bmp,wn,2.2929064961724497,35.70795551820673,0.04146804,0.21541176,6.609043
woman.bmp,0,img115.bmp,wn,2.228415462380502,57.98572759381551,0.37070781,0.50325706,21.083609
rapids.bmp,0,img116.bmp,wn,2.34675892150685,67.4653416344695,0.6403721,0.64800176,36.175484
sailing2.bmp,0,img117.bmp,wn,2.405895056708855,28.79734485795999,0.02401414,0.16101791,4.862985
ocean.bmp,0,img118.bmp,wn,2.944993001150369,37.944107183148475,0.03857755,0.21253531,6.64543
womanhat.bmp,0,img119.bmp,wn,2.1077467959055096,65.07828999287852,0.31441994,0.5102233,21.521639
ocean.bmp,0,img120.bmp,wn,3.0478877795966706,69.44972429947218,0.56050013,0.64399083,29.865463
building2.bmp,0,img121.bmp,wn,3.011590976507298,76.0908192258521,0.85420617,0.68078362,40.005058
flowersonih35.bmp,0,img122.bmp,wn,2.577459561610097,70.58976221156998,0.36350864,0.54011864,29.184818
sailing3.bmp,0,img123.bmp,wn,1.8641327261351919,63.30630049280129,0.46143036,0.59681728,25.562576
coinsinfountain.bmp,0,img124.bmp,wn,2.7756731326429613,61.46371806749249,0.35547015,0.484883,25.350574
lighthouse2.bmp,0,img125.bmp,wn,2.4391919696940314,15.998465932281881,0.01105367,0.09687736,3.579752
sailing4.bmp,0,img126.bmp,wn,2.346013347365939,63.7033428924913,0.41765186,0.57273166,27.713465
sailing4.bmp,0,img127.bmp,wn,2.1912507287307244,15.147108587135826,0.00745197,0.06634797,3.458045
sailing2.bmp,0,img128.bmp,wn,2.9238739580851982,62.99129769303974,0.34941467,0.56522951,21.547085
plane.bmp,0,img129.bmp,wn,3.493283395812534,64.69701933079591,0.36216651,0.58467698,28.163036
buildings.bmp,0,img130.bmp,wn,2.8863581070994906,70.50327694656922,0.54443233,0.59735027,40.775101
stream.bmp,0,img131.bmp,wn,3.544194786063466,89.07333452953819,1.28972781,0.82700223,37.065052
caps.bmp,0,img132.bmp,wn,3.4570288930079665,38.08510135616129,0.03445656,0.20135453,7.054895
flowersonih35.bmp,0,img133.bmp,wn,2.7100070835086734,13.772809998423078,0.00593776,0.06903891,3.958568
sailing4.bmp,0,img134.bmp,wn,3.1465812089565066,70.6450297294693,0.89365015,0.76780905,48.041637
carnivaldolls.bmp,0,img135.bmp,wn,2.2991046881278003,67.63968110982358,0.33513983,0.57505478,25.136316
building2.bmp,0,img136.bmp,wn,2.065218418897199,106.17335732260668,4.57332152,1.0,63.474159
lighthouse2.bmp,0,img137.bmp,wn,2.064465454645108,102.01544839638244,3.15143564,1.0,60.715824
stream.bmp,0,img138.bmp,wn,2.886233879719755,22.149317346230504,0.01625829,0.08035884,4.438163
plane.bmp,0,img139.bmp,wn,3.1731685105666085,52.69863155435469,0.16873917,0.42414192,16.855619
monarch.bmp,0,img140.bmp,wn,2.8204743535870476,65.2062617058754,0.43645297,0.62805203,32.97279
sailing1.bmp,0,img141.bmp,wn,2.725935525467666,64.80613405230142,0.43902058,0.60277219,25.464525
paintedhouse.bmp,0,img142.bmp,wn,2.8749657455916617,23.365932631894772,0.0239547,0.13180363,5.969337
manfishing.bmp,0,img143.bmp,wn,2.1315486503810557,61.98853406494696,0.32365073,0.48896638,19.743919
caps.bmp,0,img144.bmp,wn,3.4345018641233027,63.45183048855342,0.34822011,0.55350838,23.683313
statue.bmp,0,img145.bmp,wn,2.539662357016074,98.27070283202306,3.01834856,1.0,85.770676
caps.bmp,0,img1.bmp,gblur,2.3553170935802576,42.127765361449555,0.03527531,0.10308311,16.680038
churchandcapitol.bmp,0,img2.bmp,gblur,2.1033925129374036,37.462720322546936,0.03795842,0.07825265,7.2126
monarch.bmp,0,img3.bmp,gblur,2.1971292586034625,43.26456018535141,0.08372002,0.09620346,27.863518
lighthouse.bmp,0,img4.bmp,gblur,1.9770442700737691,19.510097084325167,0.0026406,0.00843838,4.057415
plane.bmp,0,img5.bmp,gblur,2.3695646978416995,72.82942220542719,0.32415474,0.33654609,110.244186
carnivaldolls.bmp,0,img6.bmp,gblur,1.8242234046791481,54.79584980310996,0.10411525,0.15717276,20.254883
buildings.bmp,0,img7.bmp,gblur,2.12731642781858,28.45923879344707,0.05230492,0.08152038,10.490814
building2.bmp,0,img8.bmp,gblur,1.5552481749873166,28.180912872308728,0.03781321,0.04587277,6.049393
rapids.bmp,0,img9.bmp,gblur,1.2211846957473893,23.83506669503422,0.0098084,0.01968148,5.085757
sailing2.bmp,0,img10.bmp,gblur,2.308539204467474,89.72374712250675,0.51707234,0.36929506,147.380447
monarch.bmp,0,img11.bmp,gblur,2.494991077873698,83.26954044809332,0.89172515,0.38901782,204.543549
parrots.bmp,0,img12.bmp,gblur,1.3362430917558406,23.747800588472256,0.0125326,0.03278859,15.59291
cemetry.bmp,0,img13.bmp,gblur,1.555964716980339,30.514445202895608,0.01485969,0.03004202,4.345897
manfishing.bmp,0,img14.bmp,gblur,2.433874026965244,33.317365184485546,0.03125121,0.06246984,5.762074
lighthouse.bmp,0,img15.bmp,gblur,2.3920833214772768,43.371393473652745,0.07140805,0.14380588,20.404839
manfishing.bmp,0,img16.bmp,gblur,1.5003337001865147,63.381935483061866,0.15785694,0.2042761,21.449707
rapids.bmp,0,img17.bmp,gblur,1.7475352749990436,88.25341457573218,0.93700005,0.4343049,141.698135
stream.bmp,0,img18.bmp,gblur,1.9751344266739725,32.28879443889066,0.04704644,0.07841065,8.775881
coinsinfountain.bmp,0,img19.bmp,gblur,2.3923698915382423,53.1730822979176,0.11262215,0.15728256,17.325468
studentsculpture.bmp,0,img20.bmp,gblur,2.245740505763918,41.4683726766827,0.07350917,0.09832039,7.626811
dancers.bmp,0,img21.bmp,gblur,1.6223496681170844,39.157564151102406,0.05291526,0.08610592,8.158107
coinsinfountain.bmp,0,img22.bmp,gblur,1.7750750540757767,47.539839513629076,0.0843463,0.12848227,12.546923
paintedhouse.bmp,0,img23.bmp,gblur,1.7922023569227732,19.81956588915427,0.01184093,0.02651061,14.739696
lighthouse.bmp,0,img24.bmp,gblur,2.19384565088695,93.40865465910048,0.79845763,0.44747763,188.148346
building2.bmp,0,img25.bmp,gblur,1.8770858518463862,60.85908908030956,0.34620208,0.25754043,31.918072
bikes.bmp,0,img26.bmp,gblur,1.9808109994597176,43.11752291546036,0.12550007,0.13856087,22.348948
carnivaldolls.bmp,0,img27.bmp,gblur,2.4428979591287803,32.45533469024021,0.02414531,0.05626214,5.752901
caps.bmp,0,img28.bmp,gblur,2.0059524347878894,22.96359302071471,0.0098894,0.03711568,9.725017
rapids.bmp,0,img29.bmp,gblur,1.5906734819841764,29.707112621076355,0.03030154,0.05415228,8.932654
plane.bmp,0,img30.bmp,gblur,2.232284618209279,50.78289110295646,0.09925856,0.16586962,46.417332
parrots.bmp,0,img31.bmp,gblur,2.6203712010665767,52.1680931480972,0.07839617,0.12825481,39.933979
coinsinfountain.bmp,0,img32.bmp,gblur,1.3355522844864443,20.42170138535499,0.00718157,0.01505824,2.909541
building2.bmp,0,img33.bmp,gblur,1.9034412406176267,37.06966908699679,0.07490601,0.08455406,8.505204
rapids.bmp,0,img34.bmp,gblur,1.8256827254408345,46.75861493731215,0.05571045,0.08752957,11.782184
sailing1.bmp,0,img35.bmp,gblur,2.7494388167776598,29.946921048434994,0.02831927,0.06291974,9.344679
womanhat.bmp,0,img36.bmp,gblur,1.770225062956701,49.3887315611896,0.09659259,0.18268145,25.874022
monarch.bmp,0,img37.bmp,gblur,2.338227982177359,55.79859697122191,0.17431114,0.1631764,63.456917
studentsculpture.bmp,0,img38.bmp,gblur,3.1136197471288596,49.57258124925823,0.13781089,0.16008269,12.238012
paintedhouse.bmp,0,img39.bmp,gblur,2.3991024210411096,35.163418897152994,0.05485965,0.09589623,30.602993
bikes.bmp,0,img40.bmp,gblur,2.3060774180182393,59.72797575732214,0.40113306,0.28790273,47.181839
dancers.bmp,0,img41.bmp,gblur,1.754584261265361,64.24080369440135,0.25618619,0.25743882,31.862431
womanhat.bmp,0,img42.bmp,gblur,2.202831397807856,37.61345259412877,0.06365775,0.13604209,19.163658
sailing2.bmp,0,img43.bmp,gblur,1.7849435521133843,41.36298389729544,0.03336619,0.09180323,17.840504
studentsculpture.bmp,0,img44.bmp,gblur,1.9688416856063966,26.588236919388123,0.0240037,0.03670691,3.667835
buildings.bmp,0,img45.bmp,gblur,1.8114081733478482,21.680338672475234,0.013725,0.02441535,5.447019
sailing1.bmp,0,img46.bmp,gblur,1.773975393173413,21.37173574127878,0.01365107,0.03186254,6.534726
manfishing.bmp,0,img47.bmp,gblur,2.2326017822216646,48.37779845595415,0.06673826,0.11574376,9.423041
sailing2.bmp,0,img48.bmp,gblur,1.8080209676976595,57.040994158487464,0.10907944,0.19878418,31.974497
house.bmp,0,img49.bmp,gblur,1.66860996634617,35.511076424494355,0.04993722,0.10463904,19.824261
stream.bmp,0,img50.bmp,gblur,2.2496830510678945,46.66501375774308,0.09156478,0.13615891,11.801794
dancers.bmp,0,img51.bmp,gblur,2.169015602957382,21.90766424535399,0.01247448,0.02214373,4.120255
carnivaldolls.bmp,0,img52.bmp,gblur,1.6390298842523514,68.54058128580095,0.21376678,0.23084364,46.719208
lighthouse2.bmp,0,img53.bmp,gblur,2.251308749665689,59.567814555450866,0.11519435,0.17280383,22.956011
statue.bmp,0,img54.bmp,gblur,1.5641668521929553,59.07594073978924,0.14095696,0.19829575,30.956966
lighthouse2.bmp,0,img55.bmp,gblur,2.1036959968633115,50.30002190258614,0.08026695,0.13529214,20.477041
parrots.bmp,0,img56.bmp,gblur,1.3977156183039796,37.03663806134327,0.03307087,0.06792111,24.163231
ocean.bmp,0,img57.bmp,gblur,2.7568712876555725,53.613271673219984,0.09689841,0.17499589,26.697622
stream.bmp,0,img58.bmp,gblur,1.888854976575692,72.87394931569021,0.50770317,0.36293962,58.393837
carnivaldolls.bmp,0,img59.bmp,gblur,1.9558464014740196,43.22494778304786,0.05706697,0.10727253,10.351699
bikes.bmp,0,img60.bmp,gblur,2.256347290535547,20.19888494169012,0.01884724,0.02926773,9.678331
womanhat.bmp,0,img61.bmp,gblur,2.083209292708992,26.8104249250671,0.03197557,0.0844103,14.631701
buildings.bmp,0,img62.bmp,gblur,1.9997587953047948,33.289587739887395,0.06569923,0.09788839,11.569625
plane.bmp,0,img63.bmp,gblur,1.8595906014930912,18.638782031279458,0.00925655,0.02402888,14.728943
woman.bmp,0,img64.bmp,gblur,2.1992965017924417,38.730110284620814,0.04707773,0.10303237,8.61824
flowersonih35.bmp,0,img65.bmp,gblur,1.5546796990651282,41.54577164748736,0.05622138,0.08390318,7.108427
churchandcapitol.bmp,0,img66.bmp,gblur,1.7660556719850444,58.91249145488299,0.11239286,0.17078265,18.697676
manfishing.bmp,0,img67.bmp,gblur,1.081157775318624,22.83897810739422,0.00548095,0.01119826,2.509003
woman.bmp,0,img68.bmp,gblur,1.8335523152937063,64.7162926008737,0.19535133,0.25792849,29.283518
parrots.bmp,0,img69.bmp,gblur,2.4235697617880843,79.75902400389953,0.27160745,0.24737607,169.114365
caps.bmp,0,img70.bmp,gblur,1.814286704256212,75.36497201033434,0.26813102,0.31748863,78.094543
stream.bmp,0,img71.bmp,gblur,1.172616531525297,20.381731958065036,0.00222597,0.00427894,1.797964
sailing2.bmp,0,img72.bmp,gblur,1.905641321629917,47.86237098807869,0.05631914,0.13306862,20.965027
buildings.bmp,0,img73.bmp,gblur,1.630337445805143,60.10697150963521,0.39670515,0.28929437,58.97913
sailing1.bmp,0,img74.bmp,gblur,2.0614826406073803,40.94953032442054,0.06965228,0.12990638,13.839329
lighthouse2.bmp,0,img75.bmp,gblur,1.748948388118464,42.418404613662226,0.05840462,0.10783711,18.122019
sailing4.bmp,0,img76.bmp,gblur,2.747517042495489,40.31616322660909,0.05323787,0.09872722,15.914993
statue.bmp,0,img77.bmp,gblur,1.9992968372138171,40.77253768425125,0.05866443,0.1026216,18.190975
manfishing.bmp,0,img78.bmp,gblur,2.0672094371308085,67.58397974933878,0.20225919,0.23360562,30.391638
sailing3.bmp,0,img79.bmp,gblur,1.9523390035186423,38.207970020009036,0.02845513,0.06774001,18.96933
building2.bmp,0,img80.bmp,gblur,2.359836118641247,42.393658246536816,0.12130782,0.12545936,11.131116
paintedhouse.bmp,0,img81.bmp,gblur,2.0754952824460577,46.51061125048729,0.11994826,0.16648238,42.207569
womanhat.bmp,0,img82.bmp,gblur,1.9008501169662875,21.322050993497648,0.01168357,0.03915503,9.484835
cemetry.bmp,0,img83.bmp,gblur,1.8756951462645601,64.73522264796105,0.24453804,0.2717399,39.324158
sailing2.bmp,0,img84.bmp,gblur,2.4413108526282534,26.21419093598192,0.01376569,0.04389467,12.434942
flowersonih35.bmp,0,img85.bmp,gblur,2.1177072259806606,56.267384043975134,0.09617317,0.13040415,9.835813
plane.bmp,0,img86.bmp,gblur,1.779155522415742,37.337748831262275,0.04717542,0.10189111,34.259949
flowersonih35.bmp,0,img87.bmp,gblur,2.172449767322129,38.07307012751651,0.03753518,0.05869589,5.820043
caps.bmp,0,img88.bmp,gblur,1.557926702287045,65.58275601959907,0.14185716,0.26185267,45.863544
sailing4.bmp,0,img89.bmp,gblur,2.752166164812364,30.699919723279706,0.02851454,0.05939616,12.321322
flowersonih35.bmp,0,img90.bmp,gblur,1.5865771680778582,20.69642513725109,0.00301064,0.00510425,1.759145
churchandcapitol.bmp,0,img91.bmp,gblur,1.9373219706232583,48.86374565914097,0.07473346,0.12832024,11.351956
ocean.bmp,0,img92.bmp,gblur,1.5102789187268693,22.85851059949997,0.00913343,0.02634904,9.486562
dancers.bmp,0,img93.bmp,gblur,1.7586950163318038,45.65407108816057,0.06062978,0.09611014,8.826173
house.bmp,0,img94.bmp,gblur,1.8106389732019526,24.30864453533312,0.00768944,0.02012255,7.792306
carnivaldolls.bmp,0,img95.bmp,gblur,1.2637741370305293,17.156424264142174,0.00329086,0.00858624,2.366059
monarch.bmp,0,img96.bmp,gblur,2.257559883616584,21.419440237228148,0.01998614,0.0372531,16.513969
lighthouse.bmp,0,img97.bmp,gblur,1.996390893527806,52.89921636764908,0.11213349,0.19044067,23.652014
statue.bmp,0,img98.bmp,gblur,1.6732859578912507,26.93797934114651,0.02339128,0.05525276,10.717391
woman.bmp,0,img99.bmp,gblur,2.1257372947241175,59.43768243275185,0.13968001,0.21343925,18.963158
studentsculpture.bmp,0,img100.bmp,gblur,1.9330781648894442,55.99099722787511,0.19776817,0.20673565,17.041059
coinsinfountain.bmp,0,img101.bmp,gblur,1.575332735995221,26.079483169620147,0.02704969,0.05273044,5.258896
lighthouse.bmp,0,img102.bmp,gblur,1.6598212528591836,33.02457411335329,0.03590092,0.08842132,15.617222
monarch.bmp,0,img103.bmp,gblur,2.1992943575966315,41.62202095479563,0.07224993,0.08812361,26.953722
churchandcapitol.bmp,0,img104.bmp,gblur,1.6195672422225718,90.83144264010389,0.84346277,0.43172628,194.452011
parrots.bmp,0,img105.bmp,gblur,1.9469798613148697,69.29558963921917,0.15674572,0.21126335,118.598625
ocean.bmp,0,img106.bmp,gblur,1.7474789512431663,27.43814252019736,0.02824479,0.07281574,16.290071
flowersonih35.bmp,0,img107.bmp,gblur,1.937230645973493,73.06324854706611,0.38883446,0.32138588,48.484482
studentsculpture.bmp,0,img108.bmp,gblur,1.9825914298390337,20.98121105422193,0.00894225,0.01417019,2.267598
cemetry.bmp,0,img109.bmp,gblur,1.628680913975531,43.64868973704411,0.05226982,0.09410458,8.258033
paintedhouse.bmp,0,img110.bmp,gblur,1.8216023261071943,43.59300169983794,0.09559878,0.14301868,38.751961
sailing3.bmp,0,img111.bmp,gblur,2.523224372749732,25.46083862616192,0.00602523,0.01782886,8.750661
bikes.bmp,0,img112.bmp,gblur,2.0974082425340135,29.841330546597327,0.056357,0.07539836,16.393892
house.bmp,0,img113.bmp,gblur,1.7881308838729517,45.10971717685527,0.0947287,0.1670121,25.118425
sailing3.bmp,0,img114.bmp,gblur,2.151144842192191,52.283257841139225,0.0631052,0.11907126,24.450375
caps.bmp,0,img115.bmp,gblur,2.1414660647530557,57.78121193545228,0.06696461,0.17288406,21.230164
paintedhouse.bmp,0,img116.bmp,gblur,2.371653802697252,86.27444720136725,0.92437383,0.44178693,165.19249
ocean.bmp,0,img117.bmp,gblur,1.9714606038523592,84.55564220108053,0.40723558,0.32816883,78.244492
lighthouse2.bmp,0,img118.bmp,gblur,1.766019239173562,70.26112633028697,0.23948253,0.2576457,51.093338
ocean.bmp,0,img119.bmp,gblur,1.8165778472355079,40.38463431058608,0.0560857,0.12298906,21.823261
statue.bmp,0,img120.bmp,gblur,1.446242440031924,71.84453613923937,0.32606515,0.29293029,71.530205
sailing4.bmp,0,img121.bmp,gblur,2.097593302463487,74.66704277991492,0.33289631,0.3044931,73.073174
house.bmp,0,img122.bmp,gblur,1.8003603577480416,38.009055999426565,0.05603504,0.11457518,20.81893
coinsinfountain.bmp,0,img123.bmp,gblur,1.5615860957580692,61.346819585982885,0.20663495,0.22596424,40.569107
sailing3.bmp,0,img124.bmp,gblur,1.782404360910398,64.71710859945146,0.14733334,0.19903576,38.478859
sailing1.bmp,0,img125.bmp,gblur,2.1771822093098345,68.01663301489151,0.20557661,0.2597375,32.533897
stream.bmp,0,img126.bmp,gblur,2.02092118076,36.50002223269209,0.05886792,0.09531113,9.730934
sailing4.bmp,0,img127.bmp,gblur,3.021715171795851,53.305640851612196,0.1003125,0.15755211,19.776653
dancers.bmp,0,img128.bmp,gblur,1.8298860160782875,58.02915765036237,0.13866272,0.17844819,16.288168
bikes.bmp,0,img129.bmp,gblur,2.0792447693044007,29.31846908583694,0.06514367,0.08449588,17.409365
sailing1.bmp,0,img130.bmp,gblur,2.1183774275666685,49.54061655633064,0.09223278,0.15854344,15.499659
statue.bmp,0,img131.bmp,gblur,1.5209358765131336,55.584211099300234,0.10630832,0.16162941,24.381517
womanhat.bmp,0,img132.bmp,gblur,2.358234407205805,64.12525460567022,0.20038527,0.26082831,86.730804
lighthouse2.bmp,0,img133.bmp,gblur,1.175522088565494,24.91286361762859,0.01215738,0.02944953,8.793007
buildings.bmp,0,img134.bmp,gblur,2.1862955425328296,48.95564454107609,0.17406651,0.19039222,19.663248
cemetry.bmp,0,img135.bmp,gblur,1.7730139063342016,47.96322103017178,0.09249365,0.14688446,12.958534
sailing4.bmp,0,img136.bmp,gblur,2.083740406387225,30.4216928832291,0.01864642,0.04042531,9.569288
building2.bmp,0,img137.bmp,gblur,1.8000736006243856,17.750595646159454,0.01190628,0.01486437,3.409117
house.bmp,0,img138.bmp,gblur,1.7838263232170697,73.01791251884717,0.36481938,0.32846446,76.014313
plane.bmp,0,img139.bmp,gblur,1.7571187484147568,64.55945570551016,0.22239628,0.26378589,68.483154
woman.bmp,0,img140.bmp,gblur,1.8556972294792302,39.758967595843245,0.05696892,0.11902846,9.520581
rapids.bmp,0,img141.bmp,gblur,1.6383158275062488,56.67448459201258,0.10826163,0.14151328,18.724039
churchandcapitol.bmp,0,img142.bmp,gblur,1.709836560292934,30.519428175117486,0.02228113,0.0507693,5.246322
cemetry.bmp,0,img143.bmp,gblur,1.344143883670629,33.84223042572021,0.02873135,0.05589187,5.845753
sailing3.bmp,0,img144.bmp,gblur,2.1843112908282403,72.07038503902243,0.22517574,0.24473264,66.952263
woman.bmp,0,img145.bmp,gblur,2.053298466265542,22.31027731867567,0.01790743,0.04437357,5.404334
coinsinfountain.bmp,0,img1.bmp,fastfading,3.1697271612014375,75.69834484894027,0.44450728,0.32187681,77.05822
coinsinfountain.bmp,0,img2.bmp,fastfading,3.127486454760219,72.38923371278747,0.37047472,0.31552974,75.521904
coinsinfountain.bmp,0,img3.bmp,fastfading,4.081609982408548,70.14186312814755,0.36929285,0.31431161,75.226532
coinsinfountain.bmp,0,img4.bmp,fastfading,3.5604776169504753,21.236876374403256,0.03239606,0.08536898,22.501455
coinsinfountain.bmp,0,img5.bmp,fastfading,2.6454161129929696,13.035300360483568,0.00708077,0.02665708,2.503106
ocean.bmp,0,img6.bmp,fastfading,3.532928485111395,61.91884706998839,0.18445115,0.27756441,37.336651
ocean.bmp,0,img7.bmp,fastfading,3.751627275678651,51.55241265731182,0.05764761,0.13740242,8.195932
ocean.bmp,0,img8.bmp,fastfading,3.6075979180579907,83.14840637381712,0.24793613,0.29862163,66.856575
ocean.bmp,0,img9.bmp,fastfading,3.3040264347306105,63.12396333336599,0.15814054,0.28835167,31.04978
ocean.bmp,0,img10.bmp,fastfading,2.2750658347201465,5.932762842632151,0.00424552,0.01683464,4.028528
statue.bmp,0,img11.bmp,fastfading,3.419802659667145,72.19553583563231,0.25710072,0.24397314,62.886276
statue.bmp,0,img12.bmp,fastfading,3.25811532493205,46.15722197754742,0.08101469,0.13631029,31.618896
statue.bmp,0,img13.bmp,fastfading,2.2118867692393525,10.62005747868401,0.00504679,0.02225748,4.810988
statue.bmp,0,img14.bmp,fastfading,2.91890489633748,19.717544269834338,0.01335893,0.05280829,11.014099
statue.bmp,0,img15.bmp,fastfading,2.734508675045638,10.833354821743228,0.00322577,0.01973587,11.329529
dancers.bmp,0,img16.bmp,fastfading,3.5601464054188727,65.82497819643346,0.22120995,0.2437894,29.238157
dancers.bmp,0,img17.bmp,fastfading,2.357956180299048,54.373331274324045,0.15439651,0.22469277,35.521729
dancers.bmp,0,img18.bmp,fastfading,2.4832328267043593,81.0179705378508,0.56823418,0.37837129,91.970268
dancers.bmp,0,img19.bmp,fastfading,2.806607407404946,41.92217758138109,0.07802491,0.17295657,20.777573
dancers.bmp,0,img20.bmp,fastfading,3.840798353513802,22.00058839495432,0.01944959,0.04896726,13.49704
paintedhouse.bmp,0,img21.bmp,fastfading,2.906424772847812,78.39976353763907,0.40017634,0.31872104,75.63089
paintedhouse.bmp,0,img22.bmp,fastfading,3.767154345056687,62.589208895964546,0.10663051,0.19546616,19.292152
paintedhouse.bmp,0,img23.bmp,fastfading,3.227418955062686,47.03150565208161,0.05610441,0.14853507,16.216825
paintedhouse.bmp,0,img24.bmp,fastfading,2.510187826320524,54.39350290165264,0.13751305,0.17634069,21.139698
paintedhouse.bmp,0,img25.bmp,fastfading,3.3201203148056284,13.64960869971246,0.01008872,0.03081662,6.414557
stream.bmp,0,img26.bmp,fastfading,4.202435523831104,67.11403306513637,0.31585355,0.28981753,45.44154
stream.bmp,0,img27.bmp,fastfading,3.1961503007211456,10.904306643436378,0.03870166,0.0576166,9.158885
stream.bmp,0,img28.bmp,fastfading,2.148882452322508,15.804461414590346,0.08554322,0.07848663,13.787346
stream.bmp,0,img29.bmp,fastfading,2.552095474903708,16.145172839516636,0.04383282,0.06003666,10.592699
stream.bmp,0,img30.bmp,fastfading,1.9060613536718118,7.247282319675264,0.01783697,0.0486742,9.256319
bikes.bmp,0,img31.bmp,fastfading,3.245519320395442,99.58651348686959,2.76699357,0.55911657,181.172791
bikes.bmp,0,img32.bmp,fastfading,2.954243541648991,52.327717808871576,0.12102759,0.15185441,34.270885
bikes.bmp,0,img33.bmp,fastfading,2.596156795337599,33.16214637834979,0.02551928,0.04811734,18.212709
bikes.bmp,0,img34.bmp,fastfading,2.81934062618964,10.492456034882686,0.00947392,0.0274874,6.212881
bikes.bmp,0,img35.bmp,fastfading,3.0754059271343475,48.840839515922575,0.14970011,0.17035237,30.773436
flowersonih35.bmp,0,img36.bmp,fastfading,2.60932535108315,54.76502889570662,0.18555608,0.22727426,38.501965
flowersonih35.bmp,0,img37.bmp,fastfading,3.419685102521834,95.77409374141652,1.4365074,0.5246445,169.528442
flowersonih35.bmp,0,img38.bmp,fastfading,3.1321979313328745,30.78023533858247,0.03836892,0.05383422,12.508099
flowersonih35.bmp,0,img39.bmp,fastfading,4.782410081382477,34.07425249043993,0.04004738,0.05235466,28.690386
flowersonih35.bmp,0,img40.bmp,fastfading,3.0877140298460852,16.429121525519584,0.01279694,0.0370716,11.322129
parrots.bmp,0,img41.bmp,fastfading,3.7454853414753413,47.90779725297225,0.04064527,0.09869891,21.644569
parrots.bmp,0,img42.bmp,fastfading,4.012353367286302,58.41939049817109,0.09266839,0.15116177,54.6082
parrots.bmp,0,img43.bmp,fastfading,1.781069037632149,7.234500306160264,0.00663465,0.01692859,5.928976
parrots.bmp,0,img44.bmp,fastfading,2.553261450413017,20.695027475202703,0.04653826,0.06425733,20.583105
parrots.bmp,0,img45.bmp,fastfading,2.5350742658568346,3.3916336118871087,0.00380004,0.02710021,4.048518
studentsculpture.bmp,0,img46.bmp,fastfading,3.238886798851759,84.35398937606175,1.4909893,0.52247594,114.034576
studentsculpture.bmp,0,img47.bmp,fastfading,2.027024004253147,99.04090626921534,2.4693147,0.64643676,120.38591
studentsculpture.bmp,0,img48.bmp,fastfading,3.488755211393321,57.11706071800262,0.26355635,0.25969282,42.136707
studentsculpture.bmp,0,img49.bmp,fastfading,3.0707170780852175,13.315534024440112,0.01671221,0.04169942,6.771785
studentsculpture.bmp,0,img50.bmp,fastfading,2.7747063316240057,14.480616750326682,0.06144681,0.06752181,17.127426
building2.bmp,0,img51.bmp,fastfading,2.9519268338376077,84.84405450844739,1.54567963,0.49484186,149.26796
building2.bmp,0,img52.bmp,fastfading,2.2018292848094734,102.67047076529366,3.74211421,0.70673497,135.561966
building2.bmp,0,img53.bmp,fastfading,3.464605737687111,49.21986908481058,0.1482638,0.17431052,20.281307
building2.bmp,0,img54.bmp,fastfading,1.706059328837654,11.099089191674402,0.01753708,0.05131077,5.276859
building2.bmp,0,img55.bmp,fastfading,2.9001883762226464,16.0834094198751,0.03797722,0.05846605,16.144011
plane.bmp,0,img56.bmp,fastfading,3.9564060748368686,49.8049500050861,0.06194826,0.10786248,15.203392
plane.bmp,0,img57.bmp,fastfading,3.346654336780054,76.03556974499287,0.20060049,0.2346449,60.753483
plane.bmp,0,img58.bmp,fastfading,2.796728293298564,95.95778317943885,0.73885457,0.46915248,131.679581
plane.bmp,0,img59.bmp,fastfading,3.1401913610335006,9.426468350910561,0.00785408,0.05363467,6.446879
plane.bmp,0,img60.bmp,fastfading,3.641240043239738,14.523194856047589,0.00235038,0.01560414,3.622499
woman.bmp,0,img61.bmp,fastfading,4.283344124735823,75.73546444515758,0.40962059,0.36206527,69.654907
woman.bmp,0,img62.bmp,fastfading,4.298119492721364,73.80284324741564,0.41680546,0.36920143,69.764458
woman.bmp,0,img63.bmp,fastfading,4.5245745138395606,20.510661566218758,0.02860743,0.05277562,10.735335
woman.bmp,0,img64.bmp,fastfading,2.781167148408399,10.139030733080304,0.01214303,0.04391947,6.510023
woman.bmp,0,img65.bmp,fastfading,3.486210547961122,87.9097236928659,0.80003774,0.4597729,149.73024
buildings.bmp,0,img66.bmp,fastfading,2.554823999854392,59.220408784962586,0.2325677,0.21816151,42.559761
buildings.bmp,0,img67.bmp,fastfading,2.800612226033104,73.46184832990365,0.72247063,0.36325704,106.27121
buildings.bmp,0,img68.bmp,fastfading,3.2919404520734865,69.5058791325869,0.50405782,0.34861084,42.026314
buildings.bmp,0,img69.bmp,fastfading,2.4885579828991586,89.79611578262839,1.57411185,0.46650067,165.669678
buildings.bmp,0,img70.bmp,fastfading,2.08687210907679,8.049363347373571,0.0346145,0.04991429,13.352607
house.bmp,0,img71.bmp,fastfading,2.358448027031954,97.87628555010909,0.75374876,0.46198791,137.170135
house.bmp,0,img72.bmp,fastfading,3.2015883049673124,22.841368890743222,0.02591614,0.04363086,10.965684
house.bmp,0,img73.bmp,fastfading,2.8757061211864245,36.83680677608689,0.03441117,0.12298826,13.156311
house.bmp,0,img74.bmp,fastfading,3.743495203105928,11.021255348207085,0.0092895,0.02951007,6.529831
house.bmp,0,img75.bmp,fastfading,3.460430796672716,10.886885674413485,0.00677003,0.02660543,6.512389
rapids.bmp,0,img76.bmp,fastfading,2.194877282581972,97.93005426044192,1.40439328,0.51811616,113.591644
rapids.bmp,0,img77.bmp,fastfading,3.1057913931358034,46.61397691273123,0.06735191,0.12293926,10.005684
rapids.bmp,0,img78.bmp,fastfading,1.7099508828898748,45.771721280740564,0.03973701,0.08275229,18.706631
rapids.bmp,0,img79.bmp,fastfading,3.4968501618212335,57.0121131162158,0.09691932,0.16305975,16.115225
rapids.bmp,0,img80.bmp,fastfading,1.778578809301602,6.827347477667608,0.00656316,0.02782188,3.850689
womanhat.bmp,0,img81.bmp,fastfading,3.0397827727771167,48.85321204142524,0.0589086,0.1166138,24.63409
womanhat.bmp,0,img82.bmp,fastfading,3.4343585222600104,41.631702200296125,0.02943337,0.11979456,10.501902
womanhat.bmp,0,img83.bmp,fastfading,4.193385518933229,24.486863891147017,0.01367997,0.03311167,8.62173
womanhat.bmp,0,img84.bmp,fastfading,3.4492401408015243,19.021435287056377,0.0103692,0.04539628,9.244495
womanhat.bmp,0,img85.bmp,fastfading,2.6554492421450697,54.56990823000827,0.07502373,0.1502851,24.801115
caps.bmp,0,img86.bmp,fastfading,3.1179694450311066,90.82715103470838,0.28363183,0.26818715,83.621613
caps.bmp,0,img87.bmp,fastfading,2.479285844547587,75.44972331293029,0.19822543,0.23622827,64.797905
caps.bmp,0,img88.bmp,fastfading,3.318311520530094,59.172591067376246,0.06781188,0.14514189,34.294319
caps.bmp,0,img89.bmp,fastfading,3.7435920642793663,31.05987190620283,0.01087717,0.05960745,17.792429
caps.bmp,0,img90.bmp,fastfading,3.6375787774980446,45.10596694497139,0.01755174,0.08979837,9.446643
lighthouse.bmp,0,img91.bmp,fastfading,2.1833212843685974,55.63083463174906,0.15941785,0.24666391,38.482838
lighthouse.bmp,0,img92.bmp,fastfading,2.743516216475299,81.44321011813874,0.42625959,0.35448289,174.991623
lighthouse.bmp,0,img93.bmp,fastfading,2.7820362039379245,38.38644793948208,0.05029752,0.17654676,15.111267
lighthouse.bmp,0,img94.bmp,fastfading,3.62080927274637,46.66136696626988,0.05280636,0.18268942,12.613247
lighthouse.bmp,0,img95.bmp,fastfading,3.369791629000233,58.4995162932027,0.14495553,0.23575517,36.307106
sailing1.bmp,0,img96.bmp,fastfading,2.28202884767212,96.01007026787254,0.72423036,0.53359336,100.049995
sailing1.bmp,0,img97.bmp,fastfading,2.463917143356269,71.3583186945212,0.26064343,0.34517395,28.879963
sailing1.bmp,0,img98.bmp,fastfading,3.638273542728558,20.898734424376453,0.02850161,0.04091678,9.734547
sailing1.bmp,0,img99.bmp,fastfading,2.933472271225668,60.48403996902601,0.10324592,0.1728187,19.465601
sailing1.bmp,0,img100.bmp,fastfading,3.3057358170459605,64.71622731164517,0.1713355,0.22869689,25.20483
carnivaldolls.bmp,0,img101.bmp,fastfading,2.388123931671707,60.849733945404864,0.11927126,0.20546283,54.221985
carnivaldolls.bmp,0,img102.bmp,fastfading,3.009389934191752,37.96393061413332,0.04535893,0.09856206,44.500885
carnivaldolls.bmp,0,img103.bmp,fastfading,2.6143571792538722,67.64800840348245,0.21058293,0.27169415,78.968613
carnivaldolls.bmp,0,img104.bmp,fastfading,2.007024960002839,9.516793517983984,0.00582074,0.01986371,5.850843
carnivaldolls.bmp,0,img105.bmp,fastfading,1.8427295100311356,12.867990241491285,0.00714021,0.02338564,7.459152
lighthouse2.bmp,0,img106.bmp,fastfading,2.753347587553952,64.70246714917701,0.20874888,0.24303948,63.051662
lighthouse2.bmp,0,img107.bmp,fastfading,2.9129814779071825,57.32734095341542,0.12212863,0.17477174,23.105015
lighthouse2.bmp,0,img108.bmp,fastfading,2.1927887874688365,55.59412076716161,0.10903454,0.17505015,38.091728
lighthouse2.bmp,0,img109.bmp,fastfading,2.588726324195452,30.886193546551326,0.02887824,0.0781096,13.290313
lighthouse2.bmp,0,img110.bmp,fastfading,2.411174140159029,9.347556490035203,0.00395575,0.02604927,3.314168
sailing2.bmp,0,img111.bmp,fastfading,2.6766002595811735,54.35298311169535,0.08335267,0.17258887,23.905136
sailing2.bmp,0,img112.bmp,fastfading,2.966244273933893,70.07786306570196,0.22200591,0.27594107,101.881226
sailing2.bmp,0,img113.bmp,fastfading,2.889528710311473,54.5241692380685,0.10148579,0.19299377,35.838169
sailing2.bmp,0,img114.bmp,fastfading,2.657067173155523,33.72183274128713,0.01532857,0.08208652,18.641994
sailing2.bmp,0,img115.bmp,fastfading,3.9701638514948523,29.190695911377848,0.01034025,0.03377514,11.939682
cemetry.bmp,0,img116.bmp,fastfading,2.4406541814442306,101.10825291523571,1.90474413,0.61907488,195.957916
cemetry.bmp,0,img117.bmp,fastfading,2.7391242575062376,78.21645963703683,0.64192635,0.43033938,127.210274
cemetry.bmp,0,img118.bmp,fastfading,3.1351943888756497,60.8486362170736,0.14275545,0.19729011,32.41066
cemetry.bmp,0,img119.bmp,fastfading,1.9554300152977395,8.316406055870281,0.01021004,0.04307778,3.547806
cemetry.bmp,0,img120.bmp,fastfading,3.1285980626516863,86.77278366007693,1.06788524,0.50676579,191.534393
manfishing.bmp,0,img121.bmp,fastfading,2.325699329664588,60.250015561555244,0.1585365,0.21051791,34.027821
manfishing.bmp,0,img122.bmp,fastfading,3.3145174194112403,68.1452285836704,0.20977101,0.2940928,33.809738
manfishing.bmp,0,img123.bmp,fastfading,2.8952341283739447,41.420846502466745,0.06028979,0.16851922,38.482258
manfishing.bmp,0,img124.bmp,fastfading,2.9628292631897124,15.137590014892428,0.12180057,0.1013484,15.835307
manfishing.bmp,0,img125.bmp,fastfading,2.405503147670406,7.880271887900541,0.00309695,0.01908818,2.744598
sailing3.bmp,0,img126.bmp,fastfading,3.6091856402698874,72.89473698628494,0.22651956,0.24656745,64.754379
sailing3.bmp,0,img127.bmp,fastfading,3.6629143010648098,21.24627124932043,0.04326094,0.05369217,17.918606
sailing3.bmp,0,img128.bmp,fastfading,2.684285414256129,21.11139930138125,0.01008722,0.04181735,14.062602
sailing3.bmp,0,img129.bmp,fastfading,2.5417904638309805,8.934551287688677,0.00260951,0.02112152,2.911467
sailing3.bmp,0,img130.bmp,fastfading,2.575154665777079,9.347234220443333,0.00280358,0.01994377,3.927384
churchandcapitol.bmp,0,img131.bmp,fastfading,2.409537455484973,104.70492246757584,1.71151508,0.61048107,193.499557
churchandcapitol.bmp,0,img132.bmp,fastfading,2.6572868615072904,101.3192233316755,1.22033296,0.48471273,194.404053
churchandcapitol.bmp,0,img133.bmp,fastfading,3.191022867828171,15.0356065260457,0.01800613,0.04086021,12.736593
churchandcapitol.bmp,0,img134.bmp,fastfading,2.548192727180563,17.1034743529604,0.00761722,0.04297116,6.109398
churchandcapitol.bmp,0,img135.bmp,fastfading,3.4966203320989897,38.976724838748005,0.02889684,0.07818194,7.506083
monarch.bmp,0,img136.bmp,fastfading,2.975757582916927,65.49515916274478,0.21002524,0.18753545,112.760887
monarch.bmp,0,img137.bmp,fastfading,2.568297687884678,48.792583586716695,0.04981372,0.08748675,26.498909
monarch.bmp,0,img138.bmp,fastfading,2.5036021190743174,27.265533499406082,0.01152295,0.03773123,11.156019
monarch.bmp,0,img139.bmp,fastfading,2.133388254236195,7.027264242310558,0.00347134,0.01896261,9.295834
monarch.bmp,0,img140.bmp,fastfading,2.9089051379750694,9.283473183604272,0.00930429,0.02310728,10.108685
sailing4.bmp,0,img141.bmp,fastfading,3.2254810344107865,71.64224760757007,0.22580923,0.2591296,45.610035
sailing4.bmp,0,img142.bmp,fastfading,4.228283455349321,53.05297800439078,0.05968268,0.10985296,19.227343
sailing4.bmp,0,img143.bmp,fastfading,3.2983697406123293,35.23314372392792,0.02606046,0.08237026,9.00625
sailing4.bmp,0,img144.bmp,fastfading,4.190307991229467,56.34115606262271,0.06271695,0.13125504,18.194332
sailing4.bmp,0,img145.bmp,fastfading,4.626759343126753,34.05021940048932,0.02447036,0.09358395,10.215953
